"title","start_time","end_time","description","exercise_title","superset_id","exercise_notes","set_index","set_type","weight_lbs","reps","distance_miles","duration_seconds","rpe"
"Legs","Aug 8, 2026 at 8:56 PM","Aug 8, 2026 at 9:24 PM","","Hack Squat (Machine)",,"",0,"normal",90,12,,,
"Legs","Aug 8, 2026 at 8:56 PM","Aug 8, 2026 at 9:24 PM","","Hack Squat (Machine)",,"",1,"normal",90,12,,,
"Legs","Aug 8, 2026 at 8:56 PM","Aug 8, 2026 at 9:24 PM","","Hack Squat (Machine)",,"",2,"normal",140,10,,,
"Legs","Aug 8, 2026 at 8:56 PM","Aug 8, 2026 at 9:24 PM","","Seated Leg Curl (Machine)",,"",0,"normal",167,10,,,
"Legs","Aug 8, 2026 at 8:56 PM","Aug 8, 2026 at 9:24 PM","","Seated Leg Curl (Machine)",,"",1,"normal",167,10,,,
"Legs","Aug 8, 2026 at 8:56 PM","Aug 8, 2026 at 9:24 PM","","Seated Leg Curl (Machine)",,"",2,"normal",167,10,,,
"Legs","Aug 8, 2026 at 8:56 PM","Aug 8, 2026 at 9:24 PM","","Calf Extension (Machine)",,"",0,"normal",274,12,,,
"Legs","Aug 8, 2026 at 8:56 PM","Aug 8, 2026 at 9:24 PM","","Calf Extension (Machine)",,"",1,"normal",274,12,,,
"Legs","Aug 8, 2026 at 8:56 PM","Aug 8, 2026 at 9:24 PM","","Calf Extension (Machine)",,"",2,"normal",274,12,,,
"Pull","Aug 7, 2026 at 9:40 PM","Aug 7, 2026 at 11:05 PM","","Bicep Curl (Dumbbell)",,"",0,"normal",30,10,,,
"Pull","Aug 7, 2026 at 9:40 PM","Aug 7, 2026 at 11:05 PM","","Bicep Curl (Dumbbell)",,"",1,"normal",30,12,,,
"Pull","Aug 7, 2026 at 9:40 PM","Aug 7, 2026 at 11:05 PM","","Bicep Curl (Dumbbell)",,"",2,"normal",30,10,,,
"Pull","Aug 7, 2026 at 9:40 PM","Aug 7, 2026 at 11:05 PM","","Cross Body Hammer Curl",,"",0,"normal",22.5,10,,,
"Pull","Aug 7, 2026 at 9:40 PM","Aug 7, 2026 at 11:05 PM","","Cross Body Hammer Curl",,"",1,"normal",22.5,12,,,
"Pull","Aug 7, 2026 at 9:40 PM","Aug 7, 2026 at 11:05 PM","","Cross Body Hammer Curl",,"",2,"normal",25,12,,,
"Pull","Aug 7, 2026 at 9:40 PM","Aug 7, 2026 at 11:05 PM","","Lat Pulldown (Cable)",,"",0,"normal",115,12,,,
"Pull","Aug 7, 2026 at 9:40 PM","Aug 7, 2026 at 11:05 PM","","Lat Pulldown (Cable)",,"",1,"normal",115,12,,,
"Pull","Aug 7, 2026 at 9:40 PM","Aug 7, 2026 at 11:05 PM","","Lat Pulldown (Cable)",,"",2,"normal",115,10,,,
"Pull","Aug 7, 2026 at 9:40 PM","Aug 7, 2026 at 11:05 PM","","Seated Cable Row - V Grip (Cable)",,"",0,"normal",115,10,,,
"Pull","Aug 7, 2026 at 9:40 PM","Aug 7, 2026 at 11:05 PM","","Seated Cable Row - V Grip (Cable)",,"",1,"normal",115,10,,,
"Pull","Aug 7, 2026 at 9:40 PM","Aug 7, 2026 at 11:05 PM","","Seated Cable Row - V Grip (Cable)",,"",2,"normal",115,10,,,
"Pull","Aug 7, 2026 at 9:40 PM","Aug 7, 2026 at 11:05 PM","","Reverse Fly Single Arm (Cable)",,"",0,"normal",30,10,,,
"Pull","Aug 7, 2026 at 9:40 PM","Aug 7, 2026 at 11:05 PM","","Reverse Fly Single Arm (Cable)",,"",1,"normal",30,12,,,
"Pull","Aug 7, 2026 at 9:40 PM","Aug 7, 2026 at 11:05 PM","","Reverse Fly Single Arm (Cable)",,"",2,"normal",30,12,,,
"Pull","Aug 7, 2026 at 9:40 PM","Aug 7, 2026 at 11:05 PM","","Chest Supported T Bar Row",,"",0,"normal",70,10,,,
"Pull","Aug 7, 2026 at 9:40 PM","Aug 7, 2026 at 11:05 PM","","Chest Supported T Bar Row",,"",1,"normal",70,10,,,
"Push","Aug 6, 2026 at 10:40 AM","Aug 6, 2026 at 12:37 PM","","Bench Press (Barbell)",,"",0,"normal",155,8,,,
"Push","Aug 6, 2026 at 10:40 AM","Aug 6, 2026 at 12:37 PM","","Bench Press (Barbell)",,"",1,"normal",155,7,,,
"Push","Aug 6, 2026 at 10:40 AM","Aug 6, 2026 at 12:37 PM","","Bench Press (Barbell)",,"",2,"normal",155,6,,,
"Push","Aug 6, 2026 at 10:40 AM","Aug 6, 2026 at 12:37 PM","","Bench Press (Barbell)",,"",3,"normal",155,7,,,
"Push","Aug 6, 2026 at 10:40 AM","Aug 6, 2026 at 12:37 PM","","Incline Bench Press (Dumbbell)",,"",0,"normal",47.5,10,,,
"Push","Aug 6, 2026 at 10:40 AM","Aug 6, 2026 at 12:37 PM","","Incline Bench Press (Dumbbell)",,"",1,"normal",47.5,10,,,
"Push","Aug 6, 2026 at 10:40 AM","Aug 6, 2026 at 12:37 PM","","Incline Bench Press (Dumbbell)",,"",2,"normal",47.5,10,,,
"Push","Aug 6, 2026 at 10:40 AM","Aug 6, 2026 at 12:37 PM","","Chest Fly (Machine)",,"",0,"normal",90,10,,,
"Push","Aug 6, 2026 at 10:40 AM","Aug 6, 2026 at 12:37 PM","","Chest Fly (Machine)",,"",1,"normal",90,12,,,
"Push","Aug 6, 2026 at 10:40 AM","Aug 6, 2026 at 12:37 PM","","Chest Fly (Machine)",,"",2,"normal",90,12,,,
"Push","Aug 6, 2026 at 10:40 AM","Aug 6, 2026 at 12:37 PM","","Shoulder Press (Dumbbell)",,"",0,"normal",32.5,12,,,
"Push","Aug 6, 2026 at 10:40 AM","Aug 6, 2026 at 12:37 PM","","Shoulder Press (Dumbbell)",,"",1,"normal",35,12,,,
"Push","Aug 6, 2026 at 10:40 AM","Aug 6, 2026 at 12:37 PM","","Shoulder Press (Dumbbell)",,"",2,"normal",35,12,,,
"Push","Aug 6, 2026 at 10:40 AM","Aug 6, 2026 at 12:37 PM","","Lateral Raise (Dumbbell)",,"",0,"normal",15,12,,,
"Push","Aug 6, 2026 at 10:40 AM","Aug 6, 2026 at 12:37 PM","","Lateral Raise (Dumbbell)",,"",1,"normal",15,16,,,
"Push","Aug 6, 2026 at 10:40 AM","Aug 6, 2026 at 12:37 PM","","Lateral Raise (Dumbbell)",,"",2,"normal",15,12,,,
"Push","Aug 6, 2026 at 10:40 AM","Aug 6, 2026 at 12:37 PM","","Triceps Extension (Cable)",,"",0,"normal",20,12,,,
"Push","Aug 6, 2026 at 10:40 AM","Aug 6, 2026 at 12:37 PM","","Triceps Extension (Cable)",,"",1,"normal",30,10,,,
"Push","Aug 6, 2026 at 10:40 AM","Aug 6, 2026 at 12:37 PM","","Triceps Extension (Cable)",,"",2,"normal",30,12,,,
"Push","Aug 6, 2026 at 10:40 AM","Aug 6, 2026 at 12:37 PM","","Triceps Pushdown",,"",0,"normal",80,12,,,
"Push","Aug 6, 2026 at 10:40 AM","Aug 6, 2026 at 12:37 PM","","Single Arm Triceps Pushdown (Cable)",,"",0,"normal",30,12,,,
"Push","Aug 6, 2026 at 10:40 AM","Aug 6, 2026 at 12:37 PM","","Single Arm Triceps Pushdown (Cable)",,"",1,"normal",30,11,,,
"Legs","Aug 4, 2026 at 12:09 PM","Aug 4, 2026 at 12:37 PM","","Leg Press (Machine)",,"",0,"normal",90,10,,,
"Legs","Aug 4, 2026 at 12:09 PM","Aug 4, 2026 at 12:37 PM","","Leg Press (Machine)",,"",1,"normal",140,10,,,
"Legs","Aug 4, 2026 at 12:09 PM","Aug 4, 2026 at 12:37 PM","","Leg Press (Machine)",,"",2,"normal",140,12,,,
"Legs","Aug 4, 2026 at 12:09 PM","Aug 4, 2026 at 12:37 PM","","Standing Calf Raise (Machine)",,"",0,"normal",180,10,,,
"Legs","Aug 4, 2026 at 12:09 PM","Aug 4, 2026 at 12:37 PM","","Standing Calf Raise (Machine)",,"",1,"normal",180,12,,,
"Legs","Aug 4, 2026 at 12:09 PM","Aug 4, 2026 at 12:37 PM","","Decline Crunch",,"",0,"normal",,16,,,
"Legs","Aug 4, 2026 at 12:09 PM","Aug 4, 2026 at 12:37 PM","","Decline Crunch",,"",1,"normal",,16,,,
"Legs","Aug 4, 2026 at 12:09 PM","Aug 4, 2026 at 12:37 PM","","Decline Crunch",,"",2,"normal",,16,,,
"Pull","Aug 3, 2026 at 11:51 AM","Aug 3, 2026 at 12:59 PM","","Bicep Curl (Dumbbell)",,"",0,"normal",30,12,,,
"Pull","Aug 3, 2026 at 11:51 AM","Aug 3, 2026 at 12:59 PM","","Bicep Curl (Dumbbell)",,"",1,"normal",30,10,,,
"Pull","Aug 3, 2026 at 11:51 AM","Aug 3, 2026 at 12:59 PM","","Bicep Curl (Dumbbell)",,"",2,"normal",30,10,,,
"Pull","Aug 3, 2026 at 11:51 AM","Aug 3, 2026 at 12:59 PM","","Hammer Curl (Dumbbell)",,"",0,"normal",22.5,10,,,
"Pull","Aug 3, 2026 at 11:51 AM","Aug 3, 2026 at 12:59 PM","","Hammer Curl (Dumbbell)",,"",1,"normal",22.5,10,,,
"Pull","Aug 3, 2026 at 11:51 AM","Aug 3, 2026 at 12:59 PM","","Hammer Curl (Dumbbell)",,"",2,"normal",22.5,12,,,
"Pull","Aug 3, 2026 at 11:51 AM","Aug 3, 2026 at 12:59 PM","","Lat Pulldown (Cable)",,"",0,"normal",115,10,,,
"Pull","Aug 3, 2026 at 11:51 AM","Aug 3, 2026 at 12:59 PM","","Lat Pulldown (Cable)",,"",1,"normal",115,12,,,
"Pull","Aug 3, 2026 at 11:51 AM","Aug 3, 2026 at 12:59 PM","","Lat Pulldown (Cable)",,"",2,"normal",115,12,,,
"Pull","Aug 3, 2026 at 11:51 AM","Aug 3, 2026 at 12:59 PM","","Seated Cable Row - V Grip (Cable)",,"",0,"normal",115,10,,,
"Pull","Aug 3, 2026 at 11:51 AM","Aug 3, 2026 at 12:59 PM","","Seated Cable Row - V Grip (Cable)",,"",1,"normal",115,10,,,
"Pull","Aug 3, 2026 at 11:51 AM","Aug 3, 2026 at 12:59 PM","","Seated Cable Row - V Grip (Cable)",,"",2,"normal",115,10,,,
"Pull","Aug 3, 2026 at 11:51 AM","Aug 3, 2026 at 12:59 PM","","Rear Delt Reverse Fly (Cable)",,"",0,"normal",17,10,,,
"Pull","Aug 3, 2026 at 11:51 AM","Aug 3, 2026 at 12:59 PM","","Rear Delt Reverse Fly (Cable)",,"",1,"normal",17,10,,,
"Pull","Aug 3, 2026 at 11:51 AM","Aug 3, 2026 at 12:59 PM","","Rear Delt Reverse Fly (Cable)",,"",2,"normal",17,10,,,
"Push","Aug 2, 2026 at 10:58 AM","Aug 2, 2026 at 12:28 PM","","Bench Press (Barbell)",,"",0,"normal",155,6,,,
"Push","Aug 2, 2026 at 10:58 AM","Aug 2, 2026 at 12:28 PM","","Bench Press (Barbell)",,"",1,"normal",155,6,,,
"Push","Aug 2, 2026 at 10:58 AM","Aug 2, 2026 at 12:28 PM","","Bench Press (Barbell)",,"",2,"normal",155,6,,,
"Push","Aug 2, 2026 at 10:58 AM","Aug 2, 2026 at 12:28 PM","","Bench Press (Barbell)",,"",3,"normal",155,6,,,
"Push","Aug 2, 2026 at 10:58 AM","Aug 2, 2026 at 12:28 PM","","Incline Bench Press (Dumbbell)",,"",0,"normal",47.5,12,,,
"Push","Aug 2, 2026 at 10:58 AM","Aug 2, 2026 at 12:28 PM","","Incline Bench Press (Dumbbell)",,"",1,"normal",47.5,10,,,
"Push","Aug 2, 2026 at 10:58 AM","Aug 2, 2026 at 12:28 PM","","Incline Bench Press (Dumbbell)",,"",2,"normal",47.5,10,,,
"Push","Aug 2, 2026 at 10:58 AM","Aug 2, 2026 at 12:28 PM","","Chest Fly (Machine)",,"",0,"normal",80,12,,,
"Push","Aug 2, 2026 at 10:58 AM","Aug 2, 2026 at 12:28 PM","","Chest Fly (Machine)",,"",1,"normal",80,12,,,
"Push","Aug 2, 2026 at 10:58 AM","Aug 2, 2026 at 12:28 PM","","Chest Fly (Machine)",,"",2,"normal",90,12,,,
"Push","Aug 2, 2026 at 10:58 AM","Aug 2, 2026 at 12:28 PM","","Shoulder Press (Dumbbell)",,"",0,"normal",35,8,,,
"Push","Aug 2, 2026 at 10:58 AM","Aug 2, 2026 at 12:28 PM","","Shoulder Press (Dumbbell)",,"",1,"normal",35,10,,,
"Push","Aug 2, 2026 at 10:58 AM","Aug 2, 2026 at 12:28 PM","","Shoulder Press (Dumbbell)",,"",2,"normal",35,9,,,
"Push","Aug 2, 2026 at 10:58 AM","Aug 2, 2026 at 12:28 PM","","Lateral Raise (Dumbbell)",,"",0,"normal",15,16,,,
"Push","Aug 2, 2026 at 10:58 AM","Aug 2, 2026 at 12:28 PM","","Lateral Raise (Dumbbell)",,"",1,"normal",15,16,,,
"Push","Aug 2, 2026 at 10:58 AM","Aug 2, 2026 at 12:28 PM","","Lateral Raise (Dumbbell)",,"",2,"normal",15,16,,,
"Push","Aug 2, 2026 at 10:58 AM","Aug 2, 2026 at 12:28 PM","","Overhead Triceps Extension (Cable)",,"",0,"normal",60,8,,,
"Push","Aug 2, 2026 at 10:58 AM","Aug 2, 2026 at 12:28 PM","","Overhead Triceps Extension (Cable)",,"",1,"normal",60,10,,,
"Push","Aug 2, 2026 at 10:58 AM","Aug 2, 2026 at 12:28 PM","","Overhead Triceps Extension (Cable)",,"",2,"normal",70,8,,,
"Push","Aug 2, 2026 at 10:58 AM","Aug 2, 2026 at 12:28 PM","","Triceps Pushdown",,"",0,"normal",70,16,,,
"Push","Aug 2, 2026 at 10:58 AM","Aug 2, 2026 at 12:28 PM","","Triceps Pushdown",,"",1,"normal",80,12,,,
"Push","Aug 2, 2026 at 10:58 AM","Aug 2, 2026 at 12:28 PM","","Triceps Pushdown",,"",2,"normal",90,11,,,
"Legs","Jul 31, 2026 at 6:57 PM","Jul 31, 2026 at 8:12 PM","","Hack Squat (Machine)",,"",0,"normal",90,12,,,
"Legs","Jul 31, 2026 at 6:57 PM","Jul 31, 2026 at 8:12 PM","","Hack Squat (Machine)",,"",1,"normal",90,12,,,
"Legs","Jul 31, 2026 at 6:57 PM","Jul 31, 2026 at 8:12 PM","","Hack Squat (Machine)",,"",2,"normal",140,10,,,
"Legs","Jul 31, 2026 at 6:57 PM","Jul 31, 2026 at 8:12 PM","","Leg Extension (Machine)",,"",0,"normal",66,10,,,
"Legs","Jul 31, 2026 at 6:57 PM","Jul 31, 2026 at 8:12 PM","","Leg Extension (Machine)",,"",1,"normal",66,12,,,
"Legs","Jul 31, 2026 at 6:57 PM","Jul 31, 2026 at 8:12 PM","","Leg Extension (Machine)",,"",2,"normal",78,12,,,
"Legs","Jul 31, 2026 at 6:57 PM","Jul 31, 2026 at 8:12 PM","","Seated Leg Curl (Machine)",,"",0,"normal",153,12,,,
"Legs","Jul 31, 2026 at 6:57 PM","Jul 31, 2026 at 8:12 PM","","Seated Leg Curl (Machine)",,"",1,"normal",167,12,,,
"Legs","Jul 31, 2026 at 6:57 PM","Jul 31, 2026 at 8:12 PM","","Seated Leg Curl (Machine)",,"",2,"normal",167,12,,,
"Legs","Jul 31, 2026 at 6:57 PM","Jul 31, 2026 at 8:12 PM","","Hip Adduction (Machine)",,"",0,"normal",30,12,,,
"Legs","Jul 31, 2026 at 6:57 PM","Jul 31, 2026 at 8:12 PM","","Hip Adduction (Machine)",,"",1,"normal",30,12,,,
"Legs","Jul 31, 2026 at 6:57 PM","Jul 31, 2026 at 8:12 PM","","Hip Thrust (Barbell)",,"",0,"normal",90,12,,,
"Legs","Jul 31, 2026 at 6:57 PM","Jul 31, 2026 at 8:12 PM","","Hip Thrust (Barbell)",,"",1,"normal",110,12,,,
"Legs","Jul 31, 2026 at 6:57 PM","Jul 31, 2026 at 8:12 PM","","Hip Thrust (Barbell)",,"",2,"normal",140,10,,,
"Legs","Jul 31, 2026 at 6:57 PM","Jul 31, 2026 at 8:12 PM","","Standing Calf Raise (Machine)",,"",0,"normal",180,12,,,
"Legs","Jul 31, 2026 at 6:57 PM","Jul 31, 2026 at 8:12 PM","","Standing Calf Raise (Machine)",,"",1,"normal",180,12,,,
"Legs","Jul 31, 2026 at 6:57 PM","Jul 31, 2026 at 8:12 PM","","Standing Calf Raise (Machine)",,"",2,"normal",180,10,,,
"Legs","Jul 31, 2026 at 6:57 PM","Jul 31, 2026 at 8:12 PM","","Decline Crunch",,"",0,"normal",,12,,,
"Legs","Jul 31, 2026 at 6:57 PM","Jul 31, 2026 at 8:12 PM","","Decline Crunch",,"",1,"normal",,12,,,
"Legs","Jul 31, 2026 at 6:57 PM","Jul 31, 2026 at 8:12 PM","","Decline Crunch",,"",2,"normal",,16,,,
"Legs","Jul 31, 2026 at 6:57 PM","Jul 31, 2026 at 8:12 PM","","Leg Raise Parallel Bars",,"",0,"normal",,12,,,
"Legs","Jul 31, 2026 at 6:57 PM","Jul 31, 2026 at 8:12 PM","","Leg Raise Parallel Bars",,"",1,"normal",,12,,,
"Legs","Jul 31, 2026 at 6:57 PM","Jul 31, 2026 at 8:12 PM","","Leg Raise Parallel Bars",,"",2,"normal",,12,,,
"Pull","Jul 30, 2026 at 10:50 AM","Jul 30, 2026 at 12:34 PM","","Seated Incline Curl (Dumbbell)",,"",0,"normal",27.5,10,,,
"Pull","Jul 30, 2026 at 10:50 AM","Jul 30, 2026 at 12:34 PM","","Seated Incline Curl (Dumbbell)",,"",1,"normal",27.5,10,,,
"Pull","Jul 30, 2026 at 10:50 AM","Jul 30, 2026 at 12:34 PM","","Seated Incline Curl (Dumbbell)",,"",2,"normal",27.5,10,,,
"Pull","Jul 30, 2026 at 10:50 AM","Jul 30, 2026 at 12:34 PM","","Preacher Hammer Curls",,"",0,"normal",22.5,10,,,
"Pull","Jul 30, 2026 at 10:50 AM","Jul 30, 2026 at 12:34 PM","","Preacher Hammer Curls",,"",1,"normal",22.5,10,,,
"Pull","Jul 30, 2026 at 10:50 AM","Jul 30, 2026 at 12:34 PM","","Preacher Hammer Curls",,"",2,"normal",22.5,10,,,
"Pull","Jul 30, 2026 at 10:50 AM","Jul 30, 2026 at 12:34 PM","","Lat Pulldown (Cable)",,"",0,"normal",115,10,,,
"Pull","Jul 30, 2026 at 10:50 AM","Jul 30, 2026 at 12:34 PM","","Lat Pulldown (Cable)",,"",1,"normal",115,10,,,
"Pull","Jul 30, 2026 at 10:50 AM","Jul 30, 2026 at 12:34 PM","","Lat Pulldown (Cable)",,"",2,"normal",115,10,,,
"Pull","Jul 30, 2026 at 10:50 AM","Jul 30, 2026 at 12:34 PM","","Seated Cable Row - V Grip (Cable)",,"",0,"normal",115,12,,,
"Pull","Jul 30, 2026 at 10:50 AM","Jul 30, 2026 at 12:34 PM","","Seated Cable Row - V Grip (Cable)",,"",1,"normal",115,10,,,
"Pull","Jul 30, 2026 at 10:50 AM","Jul 30, 2026 at 12:34 PM","","Seated Cable Row - V Grip (Cable)",,"",2,"normal",115,14,,,
"Pull","Jul 30, 2026 at 10:50 AM","Jul 30, 2026 at 12:34 PM","","Reverse Fly Single Arm (Cable)",,"",0,"normal",20,10,,,
"Pull","Jul 30, 2026 at 10:50 AM","Jul 30, 2026 at 12:34 PM","","Reverse Fly Single Arm (Cable)",,"",1,"normal",30,12,,,
"Pull","Jul 30, 2026 at 10:50 AM","Jul 30, 2026 at 12:34 PM","","Reverse Fly Single Arm (Cable)",,"",2,"normal",30,12,,,
"Pull","Jul 30, 2026 at 10:50 AM","Jul 30, 2026 at 12:34 PM","","Decline Crunch",,"",0,"normal",,16,,,
"Pull","Jul 30, 2026 at 10:50 AM","Jul 30, 2026 at 12:34 PM","","Decline Crunch",,"",1,"normal",,16,,,
"Pull","Jul 30, 2026 at 10:50 AM","Jul 30, 2026 at 12:34 PM","","Decline Crunch",,"",2,"normal",,16,,,
"Push","Jul 28, 2026 at 12:05 PM","Jul 28, 2026 at 12:46 PM","","Bench Press (Barbell)",,"",0,"normal",135,8,,,
"Push","Jul 28, 2026 at 12:05 PM","Jul 28, 2026 at 12:46 PM","","Bench Press (Barbell)",,"",1,"normal",155,6,,,
"Push","Jul 28, 2026 at 12:05 PM","Jul 28, 2026 at 12:46 PM","","Bench Press (Barbell)",,"",2,"normal",155,6,,,
"Push","Jul 28, 2026 at 12:05 PM","Jul 28, 2026 at 12:46 PM","","Bench Press (Barbell)",,"",3,"normal",155,8,,,
"Push","Jul 28, 2026 at 12:05 PM","Jul 28, 2026 at 12:46 PM","","Shoulder Press (Dumbbell)",,"",0,"normal",32.5,12,,,
"Push","Jul 28, 2026 at 12:05 PM","Jul 28, 2026 at 12:46 PM","","Shoulder Press (Dumbbell)",,"",1,"normal",35,12,,,
"Push","Jul 28, 2026 at 12:05 PM","Jul 28, 2026 at 12:46 PM","","Lateral Raise (Dumbbell)",,"",0,"normal",15,12,,,
"Push","Jul 28, 2026 at 12:05 PM","Jul 28, 2026 at 12:46 PM","","Lateral Raise (Dumbbell)",,"",1,"normal",15,16,,,
"Push","Jul 28, 2026 at 12:05 PM","Jul 28, 2026 at 12:46 PM","","Lateral Raise (Dumbbell)",,"",2,"normal",15,16,,,
"Push","Jul 28, 2026 at 12:05 PM","Jul 28, 2026 at 12:46 PM","","Overhead Triceps Extension (Cable)",,"",0,"normal",60,10,,,
"Push","Jul 28, 2026 at 12:05 PM","Jul 28, 2026 at 12:46 PM","","Triceps Rope Pushdown",,"",0,"normal",60,16,,,
"Push","Jul 28, 2026 at 12:05 PM","Jul 28, 2026 at 12:46 PM","","Triceps Rope Pushdown",,"",1,"normal",70,12,,,
"Push","Jul 28, 2026 at 12:05 PM","Jul 28, 2026 at 12:46 PM","","Triceps Rope Pushdown",,"",2,"normal",70,10,,,
"Legs","Jul 27, 2026 at 12:11 PM","Jul 27, 2026 at 12:38 PM","","Squat (Barbell)",,"",0,"normal",95,12,,,
"Legs","Jul 27, 2026 at 12:11 PM","Jul 27, 2026 at 12:38 PM","","Squat (Barbell)",,"",1,"normal",115,12,,,
"Legs","Jul 27, 2026 at 12:11 PM","Jul 27, 2026 at 12:38 PM","","Squat (Barbell)",,"",2,"normal",135,10,,,
"Legs","Jul 27, 2026 at 12:11 PM","Jul 27, 2026 at 12:38 PM","","Seated Leg Curl (Machine)",,"",0,"normal",152.12,10,,,
"Legs","Jul 27, 2026 at 12:11 PM","Jul 27, 2026 at 12:38 PM","","Seated Leg Curl (Machine)",,"",1,"normal",167.55,12,,,
"Pull","Jul 25, 2026 at 2:10 PM","Jul 25, 2026 at 3:28 PM","","Seated Incline Curl (Dumbbell)",,"",0,"normal",27.5,12,,,
"Pull","Jul 25, 2026 at 2:10 PM","Jul 25, 2026 at 3:28 PM","","Seated Incline Curl (Dumbbell)",,"",1,"normal",27.5,12,,,
"Pull","Jul 25, 2026 at 2:10 PM","Jul 25, 2026 at 3:28 PM","","Seated Incline Curl (Dumbbell)",,"",2,"normal",27.5,10,,,
"Pull","Jul 25, 2026 at 2:10 PM","Jul 25, 2026 at 3:28 PM","","Hammer Curl (Dumbbell)",,"",0,"normal",25,10,,,
"Pull","Jul 25, 2026 at 2:10 PM","Jul 25, 2026 at 3:28 PM","","Hammer Curl (Dumbbell)",,"",1,"normal",25,10,,,
"Pull","Jul 25, 2026 at 2:10 PM","Jul 25, 2026 at 3:28 PM","","Hammer Curl (Dumbbell)",,"",2,"normal",25,10,,,
"Pull","Jul 25, 2026 at 2:10 PM","Jul 25, 2026 at 3:28 PM","","Lat Pulldown (Cable)",,"",0,"normal",115,10,,,
"Pull","Jul 25, 2026 at 2:10 PM","Jul 25, 2026 at 3:28 PM","","Lat Pulldown (Cable)",,"",1,"normal",115,10,,,
"Pull","Jul 25, 2026 at 2:10 PM","Jul 25, 2026 at 3:28 PM","","Lat Pulldown (Cable)",,"",2,"normal",115,10,,,
"Pull","Jul 25, 2026 at 2:10 PM","Jul 25, 2026 at 3:28 PM","","Seated Cable Row - V Grip (Cable)",,"",0,"normal",115,10,,,
"Pull","Jul 25, 2026 at 2:10 PM","Jul 25, 2026 at 3:28 PM","","Seated Cable Row - V Grip (Cable)",,"",1,"normal",115,10,,,
"Pull","Jul 25, 2026 at 2:10 PM","Jul 25, 2026 at 3:28 PM","","Seated Cable Row - V Grip (Cable)",,"",2,"normal",115,10,,,
"Pull","Jul 25, 2026 at 2:10 PM","Jul 25, 2026 at 3:28 PM","","Rear Delt Reverse Fly (Machine)",,"",0,"normal",50,12,,,
"Pull","Jul 25, 2026 at 2:10 PM","Jul 25, 2026 at 3:28 PM","","Rear Delt Reverse Fly (Machine)",,"",1,"normal",60,12,,,
"Pull","Jul 25, 2026 at 2:10 PM","Jul 25, 2026 at 3:28 PM","","Rear Delt Reverse Fly (Machine)",,"",2,"normal",60,12,,,
"Pull","Jul 25, 2026 at 2:10 PM","Jul 25, 2026 at 3:28 PM","","Crunch (Machine)",,"",0,"normal",140,16,,,
"Pull","Jul 25, 2026 at 2:10 PM","Jul 25, 2026 at 3:28 PM","","Crunch (Machine)",,"",1,"normal",140,16,,,
"Pull","Jul 25, 2026 at 2:10 PM","Jul 25, 2026 at 3:28 PM","","Crunch (Machine)",,"",2,"normal",140,16,,,
"Pull","Jul 25, 2026 at 2:10 PM","Jul 25, 2026 at 3:28 PM","","Preacher Curl (Machine)",,"",0,"normal",65,12,,,
"Pull","Jul 25, 2026 at 2:10 PM","Jul 25, 2026 at 3:28 PM","","Preacher Curl (Machine)",,"",1,"normal",65,12,,,
"Push","Jul 24, 2026 at 9:34 PM","Jul 24, 2026 at 11:29 PM","","Bench Press (Barbell)",,"",0,"normal",155,6,,,
"Push","Jul 24, 2026 at 9:34 PM","Jul 24, 2026 at 11:29 PM","","Bench Press (Barbell)",,"",1,"normal",155,6,,,
"Push","Jul 24, 2026 at 9:34 PM","Jul 24, 2026 at 11:29 PM","","Bench Press (Barbell)",,"",2,"normal",155,6,,,
"Push","Jul 24, 2026 at 9:34 PM","Jul 24, 2026 at 11:29 PM","","Bench Press (Barbell)",,"",3,"normal",155,6,,,
"Push","Jul 24, 2026 at 9:34 PM","Jul 24, 2026 at 11:29 PM","","Incline Bench Press (Dumbbell)",,"",0,"normal",47.5,10,,,
"Push","Jul 24, 2026 at 9:34 PM","Jul 24, 2026 at 11:29 PM","","Incline Bench Press (Dumbbell)",,"",1,"normal",47.5,12,,,
"Push","Jul 24, 2026 at 9:34 PM","Jul 24, 2026 at 11:29 PM","","Incline Bench Press (Dumbbell)",,"",2,"normal",47.5,10,,,
"Push","Jul 24, 2026 at 9:34 PM","Jul 24, 2026 at 11:29 PM","","Chest Fly (Machine)",,"4 seat",0,"normal",80,12,,,
"Push","Jul 24, 2026 at 9:34 PM","Jul 24, 2026 at 11:29 PM","","Chest Fly (Machine)",,"4 seat",1,"normal",90,10,,,
"Push","Jul 24, 2026 at 9:34 PM","Jul 24, 2026 at 11:29 PM","","Chest Fly (Machine)",,"4 seat",2,"normal",90,12,,,
"Push","Jul 24, 2026 at 9:34 PM","Jul 24, 2026 at 11:29 PM","","Shoulder Press (Dumbbell)",,"",0,"normal",35,10,,,
"Push","Jul 24, 2026 at 9:34 PM","Jul 24, 2026 at 11:29 PM","","Shoulder Press (Dumbbell)",,"",1,"normal",35,10,,,
"Push","Jul 24, 2026 at 9:34 PM","Jul 24, 2026 at 11:29 PM","","Shoulder Press (Dumbbell)",,"",2,"normal",35,12,,,
"Push","Jul 24, 2026 at 9:34 PM","Jul 24, 2026 at 11:29 PM","","Lateral Raise (Dumbbell)",,"",0,"normal",15,16,,,
"Push","Jul 24, 2026 at 9:34 PM","Jul 24, 2026 at 11:29 PM","","Lateral Raise (Dumbbell)",,"",1,"normal",15,16,,,
"Push","Jul 24, 2026 at 9:34 PM","Jul 24, 2026 at 11:29 PM","","Lateral Raise (Dumbbell)",,"",2,"normal",15,16,,,
"Push","Jul 24, 2026 at 9:34 PM","Jul 24, 2026 at 11:29 PM","","Overhead Triceps Extension (Cable)",,"",0,"normal",70,10,,,
"Push","Jul 24, 2026 at 9:34 PM","Jul 24, 2026 at 11:29 PM","","Overhead Triceps Extension (Cable)",,"",1,"normal",70,10,,,
"Push","Jul 24, 2026 at 9:34 PM","Jul 24, 2026 at 11:29 PM","","Overhead Triceps Extension (Cable)",,"",2,"normal",70,12,,,
"Push","Jul 24, 2026 at 9:34 PM","Jul 24, 2026 at 11:29 PM","","Triceps Pushdown",,"",0,"normal",90,10,,,
"Push","Jul 24, 2026 at 9:34 PM","Jul 24, 2026 at 11:29 PM","","Triceps Pushdown",,"",1,"normal",80,10,,,
"Push","Jul 24, 2026 at 9:34 PM","Jul 24, 2026 at 11:29 PM","","Triceps Pushdown",,"",2,"normal",80,10,,,
"Legs","Jul 23, 2026 at 11:22 AM","Jul 23, 2026 at 12:29 PM","","Hack Squat (Machine)",,"",0,"normal",90,12,,,
"Legs","Jul 23, 2026 at 11:22 AM","Jul 23, 2026 at 12:29 PM","","Hack Squat (Machine)",,"",1,"normal",90,12,,,
"Legs","Jul 23, 2026 at 11:22 AM","Jul 23, 2026 at 12:29 PM","","Hack Squat (Machine)",,"",2,"normal",140,10,,,
"Legs","Jul 23, 2026 at 11:22 AM","Jul 23, 2026 at 12:29 PM","","Seated Leg Curl (Machine)",,"",0,"normal",152.12,10,,,
"Legs","Jul 23, 2026 at 11:22 AM","Jul 23, 2026 at 12:29 PM","","Seated Leg Curl (Machine)",,"",1,"normal",167.55,10,,,
"Legs","Jul 23, 2026 at 11:22 AM","Jul 23, 2026 at 12:29 PM","","Seated Leg Curl (Machine)",,"",2,"normal",167.55,10,,,
"Legs","Jul 23, 2026 at 11:22 AM","Jul 23, 2026 at 12:29 PM","","Standing Calf Raise (Machine)",,"",0,"normal",180,12,,,
"Legs","Jul 23, 2026 at 11:22 AM","Jul 23, 2026 at 12:29 PM","","Standing Calf Raise (Machine)",,"",1,"normal",180,12,,,
"Legs","Jul 23, 2026 at 11:22 AM","Jul 23, 2026 at 12:29 PM","","Standing Calf Raise (Machine)",,"",2,"normal",180,10,,,
"Legs","Jul 23, 2026 at 11:22 AM","Jul 23, 2026 at 12:29 PM","","Hip Thrust (Barbell)",,"",0,"normal",90,10,,,
"Legs","Jul 23, 2026 at 11:22 AM","Jul 23, 2026 at 12:29 PM","","Hip Thrust (Barbell)",,"",1,"normal",90,12,,,
"Legs","Jul 23, 2026 at 11:22 AM","Jul 23, 2026 at 12:29 PM","","Hip Thrust (Barbell)",,"",2,"normal",90,12,,,
"Legs","Jul 23, 2026 at 11:22 AM","Jul 23, 2026 at 12:29 PM","","Crunch (Machine)",,"",0,"normal",140,16,,,
"Legs","Jul 23, 2026 at 11:22 AM","Jul 23, 2026 at 12:29 PM","","Crunch (Machine)",,"",1,"normal",140,16,,,
"Legs","Jul 23, 2026 at 11:22 AM","Jul 23, 2026 at 12:29 PM","","Crunch (Machine)",,"",2,"normal",140,16,,,
"Legs","Jul 23, 2026 at 11:22 AM","Jul 23, 2026 at 12:29 PM","","Leg Extension (Machine)",,"",0,"normal",66,10,,,
"Legs","Jul 23, 2026 at 11:22 AM","Jul 23, 2026 at 12:29 PM","","Leg Extension (Machine)",,"",1,"normal",66,12,,,
"Legs","Jul 23, 2026 at 11:22 AM","Jul 23, 2026 at 12:29 PM","","Leg Extension (Machine)",,"",2,"normal",66,12,,,
"Pull","Jul 21, 2026 at 11:22 AM","Jul 21, 2026 at 12:59 PM","","Seated Incline Curl (Dumbbell)",,"",0,"normal",27.5,10,,,
"Pull","Jul 21, 2026 at 11:22 AM","Jul 21, 2026 at 12:59 PM","","Seated Incline Curl (Dumbbell)",,"",1,"normal",27.5,10,,,
"Pull","Jul 21, 2026 at 11:22 AM","Jul 21, 2026 at 12:59 PM","","Seated Incline Curl (Dumbbell)",,"",2,"normal",27.5,10,,,
"Pull","Jul 21, 2026 at 11:22 AM","Jul 21, 2026 at 12:59 PM","","Machine Preacher Hammer Curl",,"",0,"normal",25,10,,,
"Pull","Jul 21, 2026 at 11:22 AM","Jul 21, 2026 at 12:59 PM","","Machine Preacher Hammer Curl",,"",1,"normal",25,10,,,
"Pull","Jul 21, 2026 at 11:22 AM","Jul 21, 2026 at 12:59 PM","","Lat Pulldown (Cable)",,"",0,"normal",115,10,,,
"Pull","Jul 21, 2026 at 11:22 AM","Jul 21, 2026 at 12:59 PM","","Lat Pulldown (Cable)",,"",1,"normal",115,10,,,
"Pull","Jul 21, 2026 at 11:22 AM","Jul 21, 2026 at 12:59 PM","","Lat Pulldown (Cable)",,"",2,"normal",115,10,,,
"Pull","Jul 21, 2026 at 11:22 AM","Jul 21, 2026 at 12:59 PM","","Seated Cable Row - V Grip (Cable)",,"",0,"normal",115,10,,,
"Pull","Jul 21, 2026 at 11:22 AM","Jul 21, 2026 at 12:59 PM","","Seated Cable Row - V Grip (Cable)",,"",1,"normal",115,10,,,
"Pull","Jul 21, 2026 at 11:22 AM","Jul 21, 2026 at 12:59 PM","","Seated Cable Row - V Grip (Cable)",,"",2,"normal",115,10,,,
"Pull","Jul 21, 2026 at 11:22 AM","Jul 21, 2026 at 12:59 PM","","Reverse Fly Single Arm (Cable)",,"",0,"normal",13,12,,,
"Pull","Jul 21, 2026 at 11:22 AM","Jul 21, 2026 at 12:59 PM","","Reverse Fly Single Arm (Cable)",,"",1,"normal",13,12,,,
"Pull","Jul 21, 2026 at 11:22 AM","Jul 21, 2026 at 12:59 PM","","Reverse Fly Single Arm (Cable)",,"",2,"normal",13,12,,,
"Pull","Jul 21, 2026 at 11:22 AM","Jul 21, 2026 at 12:59 PM","","Crunch (Machine)",,"",0,"normal",140,16,,,
"Pull","Jul 21, 2026 at 11:22 AM","Jul 21, 2026 at 12:59 PM","","Crunch (Machine)",,"",1,"normal",140,16,,,
"Pull","Jul 21, 2026 at 11:22 AM","Jul 21, 2026 at 12:59 PM","","Crunch (Machine)",,"",2,"normal",140,16,,,
"Pull","Jul 21, 2026 at 11:22 AM","Jul 21, 2026 at 12:59 PM","","Hammer Curl (Dumbbell)",,"",0,"normal",22.5,10,,,
"Push","Jul 20, 2026 at 11:28 AM","Jul 20, 2026 at 12:58 PM","","Bench Press (Barbell)",,"",0,"normal",135,8,,,
"Push","Jul 20, 2026 at 11:28 AM","Jul 20, 2026 at 12:58 PM","","Bench Press (Barbell)",,"",1,"normal",155,6,,,
"Push","Jul 20, 2026 at 11:28 AM","Jul 20, 2026 at 12:58 PM","","Bench Press (Barbell)",,"",2,"normal",155,6,,,
"Push","Jul 20, 2026 at 11:28 AM","Jul 20, 2026 at 12:58 PM","","Bench Press (Barbell)",,"",3,"normal",155,6,,,
"Push","Jul 20, 2026 at 11:28 AM","Jul 20, 2026 at 12:58 PM","","Incline Bench Press (Dumbbell)",,"",0,"normal",47.5,12,,,
"Push","Jul 20, 2026 at 11:28 AM","Jul 20, 2026 at 12:58 PM","","Incline Bench Press (Dumbbell)",,"",1,"normal",47.5,10,,,
"Push","Jul 20, 2026 at 11:28 AM","Jul 20, 2026 at 12:58 PM","","Incline Bench Press (Dumbbell)",,"",2,"normal",47.5,10,,,
"Push","Jul 20, 2026 at 11:28 AM","Jul 20, 2026 at 12:58 PM","","Chest Fly (Machine)",,"",0,"normal",80,12,,,
"Push","Jul 20, 2026 at 11:28 AM","Jul 20, 2026 at 12:58 PM","","Chest Fly (Machine)",,"",1,"normal",80,12,,,
"Push","Jul 20, 2026 at 11:28 AM","Jul 20, 2026 at 12:58 PM","","Chest Fly (Machine)",,"",2,"normal",80,12,,,
"Push","Jul 20, 2026 at 11:28 AM","Jul 20, 2026 at 12:58 PM","","Shoulder Press (Dumbbell)",,"",0,"normal",37.5,8,,,
"Push","Jul 20, 2026 at 11:28 AM","Jul 20, 2026 at 12:58 PM","","Shoulder Press (Dumbbell)",,"",1,"normal",35,8,,,
"Push","Jul 20, 2026 at 11:28 AM","Jul 20, 2026 at 12:58 PM","","Shoulder Press (Dumbbell)",,"",2,"normal",35,8,,,
"Push","Jul 20, 2026 at 11:28 AM","Jul 20, 2026 at 12:58 PM","","Single Arm Lateral Raise (Cable)",,"",0,"normal",20,12,,,
"Push","Jul 20, 2026 at 11:28 AM","Jul 20, 2026 at 12:58 PM","","Single Arm Lateral Raise (Cable)",,"",1,"normal",20,12,,,
"Push","Jul 20, 2026 at 11:28 AM","Jul 20, 2026 at 12:58 PM","","Single Arm Lateral Raise (Cable)",,"",2,"normal",20,12,,,
"Push","Jul 20, 2026 at 11:28 AM","Jul 20, 2026 at 12:58 PM","","Overhead Triceps Extension (Cable)",,"",0,"normal",70,10,,,
"Push","Jul 20, 2026 at 11:28 AM","Jul 20, 2026 at 12:58 PM","","Triceps Pushdown",,"",0,"normal",80,14,,,
"Push","Jul 20, 2026 at 11:28 AM","Jul 20, 2026 at 12:58 PM","","Triceps Pushdown",,"",1,"normal",80,12,,,
"Push","Jul 20, 2026 at 11:28 AM","Jul 20, 2026 at 12:58 PM","","Triceps Pushdown",,"",2,"normal",80,12,,,
"Legs","Jul 17, 2026 at 2:32 PM","Jul 17, 2026 at 3:37 PM","","Box Squat (Barbell)",,"",0,"normal",115,12,,,
"Legs","Jul 17, 2026 at 2:32 PM","Jul 17, 2026 at 3:37 PM","","Box Squat (Barbell)",,"",1,"normal",135,8,,,
"Legs","Jul 17, 2026 at 2:32 PM","Jul 17, 2026 at 3:37 PM","","Box Squat (Barbell)",,"",2,"normal",135,8,,,
"Legs","Jul 17, 2026 at 2:32 PM","Jul 17, 2026 at 3:37 PM","","Seated Leg Curl (Machine)",,"",0,"normal",152,12,,,
"Legs","Jul 17, 2026 at 2:32 PM","Jul 17, 2026 at 3:37 PM","","Seated Leg Curl (Machine)",,"",1,"normal",167,10,,,
"Legs","Jul 17, 2026 at 2:32 PM","Jul 17, 2026 at 3:37 PM","","Seated Leg Curl (Machine)",,"",2,"normal",167,10,,,
"Legs","Jul 17, 2026 at 2:32 PM","Jul 17, 2026 at 3:37 PM","","Standing Calf Raise (Machine)",,"",0,"normal",180,12,,,
"Legs","Jul 17, 2026 at 2:32 PM","Jul 17, 2026 at 3:37 PM","","Standing Calf Raise (Machine)",,"",1,"normal",180,12,,,
"Legs","Jul 17, 2026 at 2:32 PM","Jul 17, 2026 at 3:37 PM","","Standing Calf Raise (Machine)",,"",2,"normal",180,12,,,
"Legs","Jul 17, 2026 at 2:32 PM","Jul 17, 2026 at 3:37 PM","","Hip Thrust (Barbell)",,"",0,"normal",90,10,,,
"Legs","Jul 17, 2026 at 2:32 PM","Jul 17, 2026 at 3:37 PM","","Hip Thrust (Barbell)",,"",1,"normal",90,12,,,
"Legs","Jul 17, 2026 at 2:32 PM","Jul 17, 2026 at 3:37 PM","","Hip Thrust (Barbell)",,"",2,"normal",90,12,,,
"Legs","Jul 17, 2026 at 2:32 PM","Jul 17, 2026 at 3:37 PM","","Crunch (Machine)",,"",0,"normal",120,12,,,
"Legs","Jul 17, 2026 at 2:32 PM","Jul 17, 2026 at 3:37 PM","","Crunch (Machine)",,"",1,"normal",120,12,,,
"Legs","Jul 17, 2026 at 2:32 PM","Jul 17, 2026 at 3:37 PM","","Crunch (Machine)",,"",2,"normal",140,18,,,
"Legs","Jul 17, 2026 at 2:32 PM","Jul 17, 2026 at 3:37 PM","","Leg Raise Parallel Bars",,"",0,"normal",,12,,,
"Legs","Jul 17, 2026 at 2:32 PM","Jul 17, 2026 at 3:37 PM","","Leg Raise Parallel Bars",,"",1,"normal",,17,,,
"Legs","Jul 17, 2026 at 2:32 PM","Jul 17, 2026 at 3:37 PM","","Leg Raise Parallel Bars",,"",2,"normal",,18,,,
"Legs","Jul 17, 2026 at 2:32 PM","Jul 17, 2026 at 3:37 PM","","Leg Raise Parallel Bars",,"",3,"normal",,10,,,
"Legs","Jul 17, 2026 at 2:32 PM","Jul 17, 2026 at 3:37 PM","","Leg Extension (Machine)",,"",0,"normal",66,10,,,
"Legs","Jul 17, 2026 at 2:32 PM","Jul 17, 2026 at 3:37 PM","","Leg Extension (Machine)",,"",1,"normal",66,12,,,
"Legs","Jul 17, 2026 at 2:32 PM","Jul 17, 2026 at 3:37 PM","","Leg Extension (Machine)",,"",2,"normal",66,12,,,
"Legs","Jul 17, 2026 at 2:32 PM","Jul 17, 2026 at 3:37 PM","","Hip Adduction (Machine)",,"",0,"normal",22,12,,,
"Legs","Jul 17, 2026 at 2:32 PM","Jul 17, 2026 at 3:37 PM","","Hip Adduction (Machine)",,"",1,"normal",22,12,,,
"Pull","Jul 16, 2026 at 11:20 AM","Jul 16, 2026 at 12:49 PM","","Seated Incline Curl (Dumbbell)",,"",0,"normal",27.5,10,,,
"Pull","Jul 16, 2026 at 11:20 AM","Jul 16, 2026 at 12:49 PM","","Seated Incline Curl (Dumbbell)",,"",1,"normal",30,10,,,
"Pull","Jul 16, 2026 at 11:20 AM","Jul 16, 2026 at 12:49 PM","","Seated Incline Curl (Dumbbell)",,"",2,"normal",30,5,,,
"Pull","Jul 16, 2026 at 11:20 AM","Jul 16, 2026 at 12:49 PM","","Seated Incline Curl (Dumbbell)",,"",3,"normal",27.5,5,,,
"Pull","Jul 16, 2026 at 11:20 AM","Jul 16, 2026 at 12:49 PM","","Lat Pulldown (Cable)",,"",0,"normal",115,12,,,
"Pull","Jul 16, 2026 at 11:20 AM","Jul 16, 2026 at 12:49 PM","","Lat Pulldown (Cable)",,"",1,"normal",115,10,,,
"Pull","Jul 16, 2026 at 11:20 AM","Jul 16, 2026 at 12:49 PM","","Lat Pulldown (Cable)",,"",2,"normal",100,12,,,
"Pull","Jul 16, 2026 at 11:20 AM","Jul 16, 2026 at 12:49 PM","","Seated Cable Row - V Grip (Cable)",,"",0,"normal",100,12,,,
"Pull","Jul 16, 2026 at 11:20 AM","Jul 16, 2026 at 12:49 PM","","Seated Cable Row - V Grip (Cable)",,"",1,"normal",115,12,,,
"Pull","Jul 16, 2026 at 11:20 AM","Jul 16, 2026 at 12:49 PM","","Seated Cable Row - V Grip (Cable)",,"",2,"normal",115,10,,,
"Pull","Jul 16, 2026 at 11:20 AM","Jul 16, 2026 at 12:49 PM","","Reverse Fly Single Arm (Cable)",,"",0,"normal",13,12,,,
"Pull","Jul 16, 2026 at 11:20 AM","Jul 16, 2026 at 12:49 PM","","Reverse Fly Single Arm (Cable)",,"",1,"normal",13,12,,,
"Pull","Jul 16, 2026 at 11:20 AM","Jul 16, 2026 at 12:49 PM","","Reverse Fly Single Arm (Cable)",,"",2,"normal",13,12,,,
"Pull","Jul 16, 2026 at 11:20 AM","Jul 16, 2026 at 12:49 PM","","Preacher Curl (Machine)",,"",0,"normal",50,12,,,
"Pull","Jul 16, 2026 at 11:20 AM","Jul 16, 2026 at 12:49 PM","","Preacher Curl (Machine)",,"",1,"normal",65,12,,,
"Pull","Jul 16, 2026 at 11:20 AM","Jul 16, 2026 at 12:49 PM","","Machine Preacher Hammer Curl",,"",0,"normal",29.48,12,,,
"Pull","Jul 16, 2026 at 11:20 AM","Jul 16, 2026 at 12:49 PM","","Machine Preacher Hammer Curl",,"",1,"normal",29.48,12,,,
"Pull","Jul 16, 2026 at 11:20 AM","Jul 16, 2026 at 12:49 PM","","Unilateral Machine Preacher Hammer Curls",,"",0,"normal",30,10,,,
"Push","Jul 15, 2026 at 10:57 AM","Jul 15, 2026 at 12:35 PM","","Bench Press (Barbell)",,"",0,"normal",135,8,,,
"Push","Jul 15, 2026 at 10:57 AM","Jul 15, 2026 at 12:35 PM","","Bench Press (Barbell)",,"",1,"normal",145,8,,,
"Push","Jul 15, 2026 at 10:57 AM","Jul 15, 2026 at 12:35 PM","","Bench Press (Barbell)",,"",2,"normal",155,6,,,
"Push","Jul 15, 2026 at 10:57 AM","Jul 15, 2026 at 12:35 PM","","Bench Press (Barbell)",,"",3,"normal",155,4,,,
"Push","Jul 15, 2026 at 10:57 AM","Jul 15, 2026 at 12:35 PM","","Incline Bench Press (Dumbbell)",,"",0,"normal",47.5,10,,,
"Push","Jul 15, 2026 at 10:57 AM","Jul 15, 2026 at 12:35 PM","","Incline Bench Press (Dumbbell)",,"",1,"normal",47.5,10,,,
"Push","Jul 15, 2026 at 10:57 AM","Jul 15, 2026 at 12:35 PM","","Incline Bench Press (Dumbbell)",,"",2,"normal",47.5,10,,,
"Push","Jul 15, 2026 at 10:57 AM","Jul 15, 2026 at 12:35 PM","","Chest Fly (Machine)",,"",0,"normal",80,12,,,
"Push","Jul 15, 2026 at 10:57 AM","Jul 15, 2026 at 12:35 PM","","Chest Fly (Machine)",,"",1,"normal",80,12,,,
"Push","Jul 15, 2026 at 10:57 AM","Jul 15, 2026 at 12:35 PM","","Chest Fly (Machine)",,"",2,"normal",80,12,,,
"Push","Jul 15, 2026 at 10:57 AM","Jul 15, 2026 at 12:35 PM","","Shoulder Press (Dumbbell)",,"",0,"normal",35,12,,,
"Push","Jul 15, 2026 at 10:57 AM","Jul 15, 2026 at 12:35 PM","","Shoulder Press (Dumbbell)",,"",1,"normal",35,9,,,
"Push","Jul 15, 2026 at 10:57 AM","Jul 15, 2026 at 12:35 PM","","Shoulder Press (Dumbbell)",,"",2,"normal",37.5,10,,,
"Push","Jul 15, 2026 at 10:57 AM","Jul 15, 2026 at 12:35 PM","","Lateral Raise (Dumbbell)",,"",0,"normal",15,16,,,
"Push","Jul 15, 2026 at 10:57 AM","Jul 15, 2026 at 12:35 PM","","Lateral Raise (Dumbbell)",,"",1,"normal",15,12,,,
"Push","Jul 15, 2026 at 10:57 AM","Jul 15, 2026 at 12:35 PM","","Lateral Raise (Dumbbell)",,"",2,"normal",15,14,,,
"Push","Jul 15, 2026 at 10:57 AM","Jul 15, 2026 at 12:35 PM","","Overhead Triceps Extension (Cable)",,"",0,"normal",70,10,,,
"Push","Jul 15, 2026 at 10:57 AM","Jul 15, 2026 at 12:35 PM","","Overhead Triceps Extension (Cable)",,"",1,"normal",70,10,,,
"Push","Jul 15, 2026 at 10:57 AM","Jul 15, 2026 at 12:35 PM","","Overhead Triceps Extension (Cable)",,"",2,"normal",60,10,,,
"Push","Jul 15, 2026 at 10:57 AM","Jul 15, 2026 at 12:35 PM","","Triceps Pushdown",,"",0,"normal",80,12,,,
"Push","Jul 15, 2026 at 10:57 AM","Jul 15, 2026 at 12:35 PM","","Triceps Pushdown",,"",1,"normal",80,12,,,
"Push","Jul 15, 2026 at 10:57 AM","Jul 15, 2026 at 12:35 PM","","Triceps Pushdown",,"",2,"normal",80,12,,,
"Legs","Jul 14, 2026 at 11:05 AM","Jul 14, 2026 at 12:07 PM","","Squat (Barbell)",,"",0,"normal",115,8,,,
"Legs","Jul 14, 2026 at 11:05 AM","Jul 14, 2026 at 12:07 PM","","Squat (Barbell)",,"",1,"normal",115,8,,,
"Legs","Jul 14, 2026 at 11:05 AM","Jul 14, 2026 at 12:07 PM","","Squat (Barbell)",,"",2,"normal",115,8,,,
"Legs","Jul 14, 2026 at 11:05 AM","Jul 14, 2026 at 12:07 PM","","Seated Leg Curl (Machine)",,"",0,"normal",152,12,,,
"Legs","Jul 14, 2026 at 11:05 AM","Jul 14, 2026 at 12:07 PM","","Seated Leg Curl (Machine)",,"",1,"normal",167,12,,,
"Legs","Jul 14, 2026 at 11:05 AM","Jul 14, 2026 at 12:07 PM","","Seated Leg Curl (Machine)",,"",2,"normal",167,12,,,
"Legs","Jul 14, 2026 at 11:05 AM","Jul 14, 2026 at 12:07 PM","","Hip Thrust (Barbell)",,"",0,"normal",90,10,,,
"Legs","Jul 14, 2026 at 11:05 AM","Jul 14, 2026 at 12:07 PM","","Hip Thrust (Barbell)",,"",1,"normal",90,12,,,
"Legs","Jul 14, 2026 at 11:05 AM","Jul 14, 2026 at 12:07 PM","","Hip Thrust (Barbell)",,"",2,"normal",90,12,,,
"Legs","Jul 14, 2026 at 11:05 AM","Jul 14, 2026 at 12:07 PM","","Hip Adduction (Machine)",,"",0,"normal",30,12,,,
"Legs","Jul 14, 2026 at 11:05 AM","Jul 14, 2026 at 12:07 PM","","Hip Adduction (Machine)",,"",1,"normal",37,12,,,
"Legs","Jul 14, 2026 at 11:05 AM","Jul 14, 2026 at 12:07 PM","","Hip Abduction (Machine)",,"",0,"normal",28,12,,,
"Legs","Jul 14, 2026 at 11:05 AM","Jul 14, 2026 at 12:07 PM","","Hip Abduction (Machine)",,"",1,"normal",34,12,,,
"Pull","Jul 10, 2026 at 6:10 PM","Jul 10, 2026 at 7:39 PM","","Overhead Triceps Extension (Cable)",,"",0,"normal",70,10,,,
"Pull","Jul 10, 2026 at 6:10 PM","Jul 10, 2026 at 7:39 PM","","Overhead Triceps Extension (Cable)",,"",1,"normal",70,10,,,
"Pull","Jul 10, 2026 at 6:10 PM","Jul 10, 2026 at 7:39 PM","","Overhead Triceps Extension (Cable)",,"",2,"normal",70,10,,,
"Pull","Jul 10, 2026 at 6:10 PM","Jul 10, 2026 at 7:39 PM","","Single Arm Triceps Pushdown (Cable)",,"",0,"normal",40,10,,,
"Pull","Jul 10, 2026 at 6:10 PM","Jul 10, 2026 at 7:39 PM","","Single Arm Triceps Pushdown (Cable)",,"",1,"normal",30,10,,,
"Pull","Jul 10, 2026 at 6:10 PM","Jul 10, 2026 at 7:39 PM","","Single Arm Triceps Pushdown (Cable)",,"",2,"normal",30,8,,,
"Pull","Jul 10, 2026 at 6:10 PM","Jul 10, 2026 at 7:39 PM","","Seated Incline Curl (Dumbbell)",,"",0,"normal",30,10,,,
"Pull","Jul 10, 2026 at 6:10 PM","Jul 10, 2026 at 7:39 PM","","Seated Incline Curl (Dumbbell)",,"",1,"normal",27.5,10,,,
"Pull","Jul 10, 2026 at 6:10 PM","Jul 10, 2026 at 7:39 PM","","Seated Incline Curl (Dumbbell)",,"",2,"normal",27.5,10,,,
"Pull","Jul 10, 2026 at 6:10 PM","Jul 10, 2026 at 7:39 PM","","Hammer Curl (Dumbbell)",,"",0,"normal",22.5,10,,,
"Pull","Jul 10, 2026 at 6:10 PM","Jul 10, 2026 at 7:39 PM","","Hammer Curl (Dumbbell)",,"",1,"normal",22.5,10,,,
"Pull","Jul 10, 2026 at 6:10 PM","Jul 10, 2026 at 7:39 PM","","Hammer Curl (Dumbbell)",,"",2,"normal",22.5,10,,,
"Pull","Jul 10, 2026 at 6:10 PM","Jul 10, 2026 at 7:39 PM","","Lat Pulldown (Cable)",,"",0,"normal",115,9,,,
"Pull","Jul 10, 2026 at 6:10 PM","Jul 10, 2026 at 7:39 PM","","Lat Pulldown (Cable)",,"",1,"normal",100,10,,,
"Pull","Jul 10, 2026 at 6:10 PM","Jul 10, 2026 at 7:39 PM","","Lat Pulldown (Cable)",,"",2,"normal",100,12,,,
"Pull","Jul 10, 2026 at 6:10 PM","Jul 10, 2026 at 7:39 PM","","T Bar Row",,"",0,"normal",70,10,,,
"Pull","Jul 10, 2026 at 6:10 PM","Jul 10, 2026 at 7:39 PM","","T Bar Row",,"",1,"normal",70,11,,,
"Pull","Jul 10, 2026 at 6:10 PM","Jul 10, 2026 at 7:39 PM","","T Bar Row",,"",2,"normal",70,10,,,
"Pull","Jul 10, 2026 at 6:10 PM","Jul 10, 2026 at 7:39 PM","","Reverse Fly Single Arm (Cable)",,"",0,"normal",10,10,,,
"Pull","Jul 10, 2026 at 6:10 PM","Jul 10, 2026 at 7:39 PM","","Reverse Fly Single Arm (Cable)",,"",1,"normal",10,12,,,
"Pull","Jul 10, 2026 at 6:10 PM","Jul 10, 2026 at 7:39 PM","","Reverse Fly Single Arm (Cable)",,"",2,"normal",13,12,,,
"Pull","Jul 10, 2026 at 6:10 PM","Jul 10, 2026 at 7:39 PM","","Crunch",,"",0,"normal",,12,,,
"Pull","Jul 10, 2026 at 6:10 PM","Jul 10, 2026 at 7:39 PM","","Crunch",,"",1,"normal",,16,,,
"Pull","Jul 10, 2026 at 6:10 PM","Jul 10, 2026 at 7:39 PM","","Crunch",,"",2,"normal",,16,,,
"Pull","Jul 10, 2026 at 6:10 PM","Jul 10, 2026 at 7:39 PM","","Leg Raise Parallel Bars",,"",0,"normal",,12,,,
"Pull","Jul 10, 2026 at 6:10 PM","Jul 10, 2026 at 7:39 PM","","Leg Raise Parallel Bars",,"",1,"normal",,12,,,
"Pull","Jul 10, 2026 at 6:10 PM","Jul 10, 2026 at 7:39 PM","","Leg Raise Parallel Bars",,"",2,"normal",,14,,,
"Push","Jul 9, 2026 at 11:35 AM","Jul 9, 2026 at 1:46 PM","","Bench Press (Barbell)",,"",0,"normal",135,10,,,
"Push","Jul 9, 2026 at 11:35 AM","Jul 9, 2026 at 1:46 PM","","Bench Press (Barbell)",,"",1,"normal",135,8,,,
"Push","Jul 9, 2026 at 11:35 AM","Jul 9, 2026 at 1:46 PM","","Bench Press (Barbell)",,"",2,"normal",135,8,,,
"Push","Jul 9, 2026 at 11:35 AM","Jul 9, 2026 at 1:46 PM","","Bench Press (Barbell)",,"",3,"normal",135,8,,,
"Push","Jul 9, 2026 at 11:35 AM","Jul 9, 2026 at 1:46 PM","","Incline Bench Press (Dumbbell)",,"",0,"normal",45,10,,,
"Push","Jul 9, 2026 at 11:35 AM","Jul 9, 2026 at 1:46 PM","","Incline Bench Press (Dumbbell)",,"",1,"normal",45,10,,,
"Push","Jul 9, 2026 at 11:35 AM","Jul 9, 2026 at 1:46 PM","","Incline Bench Press (Dumbbell)",,"",2,"normal",45,10,,,
"Push","Jul 9, 2026 at 11:35 AM","Jul 9, 2026 at 1:46 PM","","Cable Fly Crossovers",,"",0,"normal",27,12,,,
"Push","Jul 9, 2026 at 11:35 AM","Jul 9, 2026 at 1:46 PM","","Cable Fly Crossovers",,"",1,"normal",30,12,,,
"Push","Jul 9, 2026 at 11:35 AM","Jul 9, 2026 at 1:46 PM","","Cable Fly Crossovers",,"",2,"normal",33,10,,,
"Push","Jul 9, 2026 at 11:35 AM","Jul 9, 2026 at 1:46 PM","","Shoulder Press (Dumbbell)",,"",0,"normal",37.5,9,,,
"Push","Jul 9, 2026 at 11:35 AM","Jul 9, 2026 at 1:46 PM","","Shoulder Press (Dumbbell)",,"",1,"normal",37.5,9,,,
"Push","Jul 9, 2026 at 11:35 AM","Jul 9, 2026 at 1:46 PM","","Shoulder Press (Dumbbell)",,"",2,"normal",35,12,,,
"Push","Jul 9, 2026 at 11:35 AM","Jul 9, 2026 at 1:46 PM","","Lateral Raise (Dumbbell)",,"",0,"normal",12.5,16,,,
"Push","Jul 9, 2026 at 11:35 AM","Jul 9, 2026 at 1:46 PM","","Lateral Raise (Dumbbell)",,"",1,"normal",12.5,16,,,
"Push","Jul 9, 2026 at 11:35 AM","Jul 9, 2026 at 1:46 PM","","Lateral Raise (Dumbbell)",,"",2,"normal",15,12,,,
"Legs","Jul 6, 2026 at 10:52 AM","Jul 6, 2026 at 11:35 AM","","Squat (Barbell)",,"",0,"normal",115,8,,,
"Legs","Jul 6, 2026 at 10:52 AM","Jul 6, 2026 at 11:35 AM","","Squat (Barbell)",,"",1,"normal",115,8,,,
"Legs","Jul 6, 2026 at 10:52 AM","Jul 6, 2026 at 11:35 AM","","Squat (Barbell)",,"",2,"normal",115,8,,,
"Legs","Jul 6, 2026 at 10:52 AM","Jul 6, 2026 at 11:35 AM","","Leg Press Horizontal (Machine)",,"",0,"normal",211,10,,,
"Legs","Jul 6, 2026 at 10:52 AM","Jul 6, 2026 at 11:35 AM","","Leg Press Horizontal (Machine)",,"",1,"normal",195,10,,,
"Legs","Jul 6, 2026 at 10:52 AM","Jul 6, 2026 at 11:35 AM","","Leg Press Horizontal (Machine)",,"",2,"normal",195,10,,,
"Legs","Jul 6, 2026 at 10:52 AM","Jul 6, 2026 at 11:35 AM","","Leg Extension (Machine)",,"",0,"normal",52,10,,,
"Legs","Jul 6, 2026 at 10:52 AM","Jul 6, 2026 at 11:35 AM","","Leg Extension (Machine)",,"",1,"normal",66,12,,,
"Legs","Jul 6, 2026 at 10:52 AM","Jul 6, 2026 at 11:35 AM","","Leg Extension (Machine)",,"",2,"normal",66,12,,,
"Legs","Jul 6, 2026 at 10:52 AM","Jul 6, 2026 at 11:35 AM","","Seated Leg Curl (Machine)",,"",0,"normal",152,12,,,
"Legs","Jul 6, 2026 at 10:52 AM","Jul 6, 2026 at 11:35 AM","","Seated Leg Curl (Machine)",,"",1,"normal",152,12,,,
"Legs","Jul 6, 2026 at 10:52 AM","Jul 6, 2026 at 11:35 AM","","Seated Leg Curl (Machine)",,"",2,"normal",167,10,,,
"Legs","Jul 6, 2026 at 10:52 AM","Jul 6, 2026 at 11:35 AM","","Standing Calf Raise (Machine)",,"",0,"normal",180,12,,,
"Legs","Jul 6, 2026 at 10:52 AM","Jul 6, 2026 at 11:35 AM","","Standing Calf Raise (Machine)",,"",1,"normal",180,12,,,
"Legs","Jul 6, 2026 at 10:52 AM","Jul 6, 2026 at 11:35 AM","","Standing Calf Raise (Machine)",,"",2,"normal",180,12,,,
"Pull","Jul 4, 2026 at 9:35 PM","Jul 4, 2026 at 11:12 PM","","Seated Incline Curl (Dumbbell)",,"",0,"normal",30,10,,,
"Pull","Jul 4, 2026 at 9:35 PM","Jul 4, 2026 at 11:12 PM","","Seated Incline Curl (Dumbbell)",,"",1,"normal",30,6,,,
"Pull","Jul 4, 2026 at 9:35 PM","Jul 4, 2026 at 11:12 PM","","Seated Incline Curl (Dumbbell)",,"",2,"normal",25,8,,,
"Pull","Jul 4, 2026 at 9:35 PM","Jul 4, 2026 at 11:12 PM","","Seated Incline Curl (Dumbbell)",,"",3,"normal",25,9,,,
"Pull","Jul 4, 2026 at 9:35 PM","Jul 4, 2026 at 11:12 PM","","Hammer Curl (Dumbbell)",,"",0,"normal",25,10,,,
"Pull","Jul 4, 2026 at 9:35 PM","Jul 4, 2026 at 11:12 PM","","Hammer Curl (Dumbbell)",,"",1,"normal",25,10,,,
"Pull","Jul 4, 2026 at 9:35 PM","Jul 4, 2026 at 11:12 PM","","Lat Pulldown - Close Grip (Cable)",,"",0,"normal",115,10,,,
"Pull","Jul 4, 2026 at 9:35 PM","Jul 4, 2026 at 11:12 PM","","Lat Pulldown - Close Grip (Cable)",,"",1,"normal",115,10,,,
"Pull","Jul 4, 2026 at 9:35 PM","Jul 4, 2026 at 11:12 PM","","Lat Pulldown - Close Grip (Cable)",,"",2,"normal",115,10,,,
"Pull","Jul 4, 2026 at 9:35 PM","Jul 4, 2026 at 11:12 PM","","T Bar Row",,"",0,"normal",55,12,,,
"Pull","Jul 4, 2026 at 9:35 PM","Jul 4, 2026 at 11:12 PM","","T Bar Row",,"",1,"normal",55,12,,,
"Pull","Jul 4, 2026 at 9:35 PM","Jul 4, 2026 at 11:12 PM","","T Bar Row",,"",2,"normal",70,10,,,
"Pull","Jul 4, 2026 at 9:35 PM","Jul 4, 2026 at 11:12 PM","","Rear Delt Reverse Fly (Machine)",,"",0,"normal",40,10,,,
"Pull","Jul 4, 2026 at 9:35 PM","Jul 4, 2026 at 11:12 PM","","Rear Delt Reverse Fly (Machine)",,"",1,"normal",50,12,,,
"Pull","Jul 4, 2026 at 9:35 PM","Jul 4, 2026 at 11:12 PM","","Rear Delt Reverse Fly (Machine)",,"",2,"normal",50,12,,,
"Pull","Jul 4, 2026 at 9:35 PM","Jul 4, 2026 at 11:12 PM","","Back Extension (Machine)",,"",0,"normal",76,16,,,
"Pull","Jul 4, 2026 at 9:35 PM","Jul 4, 2026 at 11:12 PM","","Back Extension (Machine)",,"",1,"normal",76,12,,,
"Pull","Jul 4, 2026 at 9:35 PM","Jul 4, 2026 at 11:12 PM","","Crunch (Machine)",,"",0,"normal",140,20,,,
"Pull","Jul 4, 2026 at 9:35 PM","Jul 4, 2026 at 11:12 PM","","Crunch (Machine)",,"",1,"normal",140,14,,,
"Pull","Jul 4, 2026 at 9:35 PM","Jul 4, 2026 at 11:12 PM","","Crunch (Machine)",,"",2,"normal",140,12,,,
"Pull","Jul 4, 2026 at 9:35 PM","Jul 4, 2026 at 11:12 PM","","Preacher Hammer Curls",,"",0,"normal",25,6,,,
"Push","Jul 3, 2026 at 10:28 PM","Jul 3, 2026 at 11:51 PM","","Bench Press (Barbell)",,"",0,"normal",135,8,,,
"Push","Jul 3, 2026 at 10:28 PM","Jul 3, 2026 at 11:51 PM","","Bench Press (Barbell)",,"",1,"normal",135,8,,,
"Push","Jul 3, 2026 at 10:28 PM","Jul 3, 2026 at 11:51 PM","","Bench Press (Barbell)",,"",2,"normal",135,8,,,
"Push","Jul 3, 2026 at 10:28 PM","Jul 3, 2026 at 11:51 PM","","Bench Press (Barbell)",,"",3,"normal",135,8,,,
"Push","Jul 3, 2026 at 10:28 PM","Jul 3, 2026 at 11:51 PM","","Incline Bench Press (Dumbbell)",,"30 degrees",0,"normal",47.5,8,,,
"Push","Jul 3, 2026 at 10:28 PM","Jul 3, 2026 at 11:51 PM","","Incline Bench Press (Dumbbell)",,"30 degrees",1,"normal",47.5,8,,,
"Push","Jul 3, 2026 at 10:28 PM","Jul 3, 2026 at 11:51 PM","","Incline Bench Press (Dumbbell)",,"30 degrees",2,"normal",47.5,8,,,
"Push","Jul 3, 2026 at 10:28 PM","Jul 3, 2026 at 11:51 PM","","Chest Fly (Machine)",,"",0,"normal",80,10,,,
"Push","Jul 3, 2026 at 10:28 PM","Jul 3, 2026 at 11:51 PM","","Chest Fly (Machine)",,"",1,"normal",80,12,,,
"Push","Jul 3, 2026 at 10:28 PM","Jul 3, 2026 at 11:51 PM","","Chest Fly (Machine)",,"",2,"normal",80,12,,,
"Push","Jul 3, 2026 at 10:28 PM","Jul 3, 2026 at 11:51 PM","","Shoulder Press (Dumbbell)",,"",0,"normal",32.5,12,,,
"Push","Jul 3, 2026 at 10:28 PM","Jul 3, 2026 at 11:51 PM","","Shoulder Press (Dumbbell)",,"",1,"normal",32.5,12,,,
"Push","Jul 3, 2026 at 10:28 PM","Jul 3, 2026 at 11:51 PM","","Shoulder Press (Dumbbell)",,"",2,"normal",32.5,12,,,
"Push","Jul 3, 2026 at 10:28 PM","Jul 3, 2026 at 11:51 PM","","Lateral Raise (Dumbbell)",,"",0,"normal",12.5,16,,,
"Push","Jul 3, 2026 at 10:28 PM","Jul 3, 2026 at 11:51 PM","","Lateral Raise (Dumbbell)",,"",1,"normal",12.5,16,,,
"Push","Jul 3, 2026 at 10:28 PM","Jul 3, 2026 at 11:51 PM","","Lateral Raise (Dumbbell)",,"",2,"normal",15,16,,,
"Push","Jul 3, 2026 at 10:28 PM","Jul 3, 2026 at 11:51 PM","","Overhead Triceps Extension (Cable)",,"",0,"normal",70,10,,,
"Push","Jul 3, 2026 at 10:28 PM","Jul 3, 2026 at 11:51 PM","","Overhead Triceps Extension (Cable)",,"",1,"normal",70,10,,,
"Push","Jul 3, 2026 at 10:28 PM","Jul 3, 2026 at 11:51 PM","","Overhead Triceps Extension (Cable)",,"",2,"normal",70,10,,,
"Push","Jul 3, 2026 at 10:28 PM","Jul 3, 2026 at 11:51 PM","","Triceps Pushdown",,"",0,"normal",80,12,,,
"Push","Jul 3, 2026 at 10:28 PM","Jul 3, 2026 at 11:51 PM","","Triceps Pushdown",,"",1,"normal",80,10,,,
"Push","Jul 3, 2026 at 10:28 PM","Jul 3, 2026 at 11:51 PM","","Triceps Pushdown",,"",2,"normal",80,12,,,
"Legs","Jul 2, 2026 at 11:55 AM","Jul 2, 2026 at 12:50 PM","","Hack Squat (Machine)",,"",0,"normal",90,12,,,
"Legs","Jul 2, 2026 at 11:55 AM","Jul 2, 2026 at 12:50 PM","","Hack Squat (Machine)",,"",1,"normal",90,12,,,
"Legs","Jul 2, 2026 at 11:55 AM","Jul 2, 2026 at 12:50 PM","","Hack Squat (Machine)",,"",2,"normal",110,10,,,
"Legs","Jul 2, 2026 at 11:55 AM","Jul 2, 2026 at 12:50 PM","","Seated Leg Curl (Machine)",,"",0,"normal",152,10,,,
"Legs","Jul 2, 2026 at 11:55 AM","Jul 2, 2026 at 12:50 PM","","Seated Leg Curl (Machine)",,"",1,"normal",152,12,,,
"Legs","Jul 2, 2026 at 11:55 AM","Jul 2, 2026 at 12:50 PM","","Seated Leg Curl (Machine)",,"",2,"normal",167,12,,,
"Legs","Jul 2, 2026 at 11:55 AM","Jul 2, 2026 at 12:50 PM","","Standing Calf Raise (Machine)",,"",0,"normal",180,10,,,
"Legs","Jul 2, 2026 at 11:55 AM","Jul 2, 2026 at 12:50 PM","","Standing Calf Raise (Machine)",,"",1,"normal",180,12,,,
"Legs","Jul 2, 2026 at 11:55 AM","Jul 2, 2026 at 12:50 PM","","Leg Extension (Machine)",,"",0,"normal",50,12,,,
"Legs","Jul 2, 2026 at 11:55 AM","Jul 2, 2026 at 12:50 PM","","Leg Extension (Machine)",,"",1,"normal",66,12,,,
"Legs","Jul 2, 2026 at 11:55 AM","Jul 2, 2026 at 12:50 PM","","Leg Extension (Machine)",,"",2,"normal",78,12,,,
"Legs","Jul 2, 2026 at 11:55 AM","Jul 2, 2026 at 12:50 PM","","Hip Abduction (Machine)",,"",0,"normal",28,12,,,
"Legs","Jul 2, 2026 at 11:55 AM","Jul 2, 2026 at 12:50 PM","","Hip Abduction (Machine)",,"",1,"normal",28,12,,,
"Pull","Jun 30, 2026 at 1:39 PM","Jun 30, 2026 at 3:07 PM","","Seated Incline Curl (Dumbbell)",,"",0,"normal",30,10,,,
"Pull","Jun 30, 2026 at 1:39 PM","Jun 30, 2026 at 3:07 PM","","Seated Incline Curl (Dumbbell)",,"",1,"normal",30,10,,,
"Pull","Jun 30, 2026 at 1:39 PM","Jun 30, 2026 at 3:07 PM","","Seated Incline Curl (Dumbbell)",,"",2,"normal",27.5,11,,,
"Pull","Jun 30, 2026 at 1:39 PM","Jun 30, 2026 at 3:07 PM","","Hammer Curl (Dumbbell)",,"",0,"normal",27.5,10,,,
"Pull","Jun 30, 2026 at 1:39 PM","Jun 30, 2026 at 3:07 PM","","Hammer Curl (Dumbbell)",,"",1,"normal",27.5,10,,,
"Pull","Jun 30, 2026 at 1:39 PM","Jun 30, 2026 at 3:07 PM","","Hammer Curl (Dumbbell)",,"",2,"normal",25,10,,,
"Pull","Jun 30, 2026 at 1:39 PM","Jun 30, 2026 at 3:07 PM","","Lat Pulldown - Close Grip (Cable)",,"",0,"normal",115,10,,,
"Pull","Jun 30, 2026 at 1:39 PM","Jun 30, 2026 at 3:07 PM","","Lat Pulldown - Close Grip (Cable)",,"",1,"normal",115,10,,,
"Pull","Jun 30, 2026 at 1:39 PM","Jun 30, 2026 at 3:07 PM","","Lat Pulldown - Close Grip (Cable)",,"",2,"normal",115,10,,,
"Pull","Jun 30, 2026 at 1:39 PM","Jun 30, 2026 at 3:07 PM","","T Bar Row",,"",0,"normal",45,12,,,
"Pull","Jun 30, 2026 at 1:39 PM","Jun 30, 2026 at 3:07 PM","","T Bar Row",,"",1,"normal",45,12,,,
"Pull","Jun 30, 2026 at 1:39 PM","Jun 30, 2026 at 3:07 PM","","T Bar Row",,"",2,"normal",70,10,,,
"Pull","Jun 30, 2026 at 1:39 PM","Jun 30, 2026 at 3:07 PM","","Reverse Fly Single Arm (Cable)",,"",0,"normal",10,12,,,
"Pull","Jun 30, 2026 at 1:39 PM","Jun 30, 2026 at 3:07 PM","","Reverse Fly Single Arm (Cable)",,"",1,"normal",13,10,,,
"Pull","Jun 30, 2026 at 1:39 PM","Jun 30, 2026 at 3:07 PM","","Reverse Fly Single Arm (Cable)",,"",2,"normal",13,10,,,
"Pull","Jun 30, 2026 at 1:39 PM","Jun 30, 2026 at 3:07 PM","","Back Extension (Machine)",,"",0,"normal",20,10,,,
"Pull","Jun 30, 2026 at 1:39 PM","Jun 30, 2026 at 3:07 PM","","Crunch (Machine)",,"",0,"normal",140,12,,,
"Pull","Jun 30, 2026 at 1:39 PM","Jun 30, 2026 at 3:07 PM","","Crunch (Machine)",,"",1,"normal",140,12,,,
"Pull","Jun 30, 2026 at 1:39 PM","Jun 30, 2026 at 3:07 PM","","Crunch (Machine)",,"",2,"normal",140,10,,,
"Pull","Jun 30, 2026 at 1:39 PM","Jun 30, 2026 at 3:07 PM","","Leg Raise Parallel Bars",,"",0,"normal",,12,,,
"Pull","Jun 30, 2026 at 1:39 PM","Jun 30, 2026 at 3:07 PM","","Leg Raise Parallel Bars",,"",1,"normal",,14,,,
"Pull","Jun 30, 2026 at 1:39 PM","Jun 30, 2026 at 3:07 PM","","Leg Raise Parallel Bars",,"",2,"normal",,16,,,
"Push","Jun 28, 2026 at 11:55 AM","Jun 28, 2026 at 12:45 PM","","Bench Press (Barbell)",,"",0,"normal",135,6,,,
"Push","Jun 28, 2026 at 11:55 AM","Jun 28, 2026 at 12:45 PM","","Bench Press (Barbell)",,"",1,"normal",135,6,,,
"Push","Jun 28, 2026 at 11:55 AM","Jun 28, 2026 at 12:45 PM","","Bench Press (Barbell)",,"",2,"normal",135,8,,,
"Push","Jun 28, 2026 at 11:55 AM","Jun 28, 2026 at 12:45 PM","","Bench Press (Barbell)",,"",3,"normal",135,9,,,
"Push","Jun 28, 2026 at 11:55 AM","Jun 28, 2026 at 12:45 PM","","Incline Bench Press (Dumbbell)",,"",0,"normal",45,10,,,
"Push","Jun 28, 2026 at 11:55 AM","Jun 28, 2026 at 12:45 PM","","Incline Bench Press (Dumbbell)",,"",1,"normal",45,9,,,
"Push","Jun 28, 2026 at 11:55 AM","Jun 28, 2026 at 12:45 PM","","Incline Bench Press (Dumbbell)",,"",2,"normal",45,7,,,
"Push","Jun 28, 2026 at 11:55 AM","Jun 28, 2026 at 12:45 PM","","Shoulder Press (Dumbbell)",,"",0,"normal",27.5,12,,,
"Push","Jun 28, 2026 at 11:55 AM","Jun 28, 2026 at 12:45 PM","","Shoulder Press (Dumbbell)",,"",1,"normal",27.5,12,,,
"Push","Jun 28, 2026 at 11:55 AM","Jun 28, 2026 at 12:45 PM","","Shoulder Press (Dumbbell)",,"",2,"normal",32.5,10,,,
"Push","Jun 28, 2026 at 11:55 AM","Jun 28, 2026 at 12:45 PM","","Lateral Raise (Dumbbell)",,"",0,"normal",15,12,,,
"Push","Jun 28, 2026 at 11:55 AM","Jun 28, 2026 at 12:45 PM","","Lateral Raise (Dumbbell)",,"",1,"normal",15,12,,,
"Push","Jun 28, 2026 at 11:55 AM","Jun 28, 2026 at 12:45 PM","","Lateral Raise (Dumbbell)",,"",2,"normal",15,12,,,
"Push","Jun 28, 2026 at 11:55 AM","Jun 28, 2026 at 12:45 PM","","Triceps Pushdown",,"",0,"normal",70,12,,,
"Push","Jun 28, 2026 at 11:55 AM","Jun 28, 2026 at 12:45 PM","","Triceps Pushdown",,"",1,"normal",80,12,,,
"Push","Jun 28, 2026 at 11:55 AM","Jun 28, 2026 at 12:45 PM","","Triceps Pushdown",,"",2,"normal",80,12,,,
"Legs","Jun 26, 2026 at 3:53 PM","Jun 26, 2026 at 4:26 PM","","Seated Leg Curl (Machine)",,"",0,"normal",152,20,,,
"Legs","Jun 26, 2026 at 3:53 PM","Jun 26, 2026 at 4:26 PM","","Seated Leg Curl (Machine)",,"",1,"normal",152,16,,,
"Legs","Jun 26, 2026 at 3:53 PM","Jun 26, 2026 at 4:26 PM","","Seated Leg Curl (Machine)",,"",2,"normal",152,16,,,
"Legs","Jun 26, 2026 at 3:53 PM","Jun 26, 2026 at 4:26 PM","","Standing Calf Raise (Machine)",,"",0,"normal",160,12,,,
"Legs","Jun 26, 2026 at 3:53 PM","Jun 26, 2026 at 4:26 PM","","Standing Calf Raise (Machine)",,"",1,"normal",160,12,,,
"Legs","Jun 26, 2026 at 3:53 PM","Jun 26, 2026 at 4:26 PM","","Standing Calf Raise (Machine)",,"",2,"normal",160,12,,,
"Legs","Jun 26, 2026 at 3:53 PM","Jun 26, 2026 at 4:26 PM","","Leg Press Horizontal (Machine)",,"",0,"normal",195,12,,,
"Legs","Jun 26, 2026 at 3:53 PM","Jun 26, 2026 at 4:26 PM","","Leg Press Horizontal (Machine)",,"",1,"normal",179,12,,,
"Legs","Jun 26, 2026 at 3:53 PM","Jun 26, 2026 at 4:26 PM","","Leg Press Horizontal (Machine)",,"",2,"normal",211,14,,,
"Pull","Jun 24, 2026 at 11:01 AM","Jun 24, 2026 at 12:43 PM","","Seated Incline Curl (Dumbbell)",,"",0,"normal",27.5,10,,,
"Pull","Jun 24, 2026 at 11:01 AM","Jun 24, 2026 at 12:43 PM","","Seated Incline Curl (Dumbbell)",,"",1,"normal",27.5,10,,,
"Pull","Jun 24, 2026 at 11:01 AM","Jun 24, 2026 at 12:43 PM","","Seated Incline Curl (Dumbbell)",,"",2,"normal",25,12,,,
"Pull","Jun 24, 2026 at 11:01 AM","Jun 24, 2026 at 12:43 PM","","Preacher Hammer Curls",,"",0,"normal",25,8,,,
"Pull","Jun 24, 2026 at 11:01 AM","Jun 24, 2026 at 12:43 PM","","Preacher Hammer Curls",,"",1,"normal",25,8,,,
"Pull","Jun 24, 2026 at 11:01 AM","Jun 24, 2026 at 12:43 PM","","Preacher Hammer Curls",,"",2,"normal",25,8,,,
"Pull","Jun 24, 2026 at 11:01 AM","Jun 24, 2026 at 12:43 PM","","Lat Pulldown - Close Grip (Cable)",,"",0,"normal",115,12,,,
"Pull","Jun 24, 2026 at 11:01 AM","Jun 24, 2026 at 12:43 PM","","Lat Pulldown - Close Grip (Cable)",,"",1,"normal",115,12,,,
"Pull","Jun 24, 2026 at 11:01 AM","Jun 24, 2026 at 12:43 PM","","Lat Pulldown - Close Grip (Cable)",,"",2,"normal",115,10,,,
"Pull","Jun 24, 2026 at 11:01 AM","Jun 24, 2026 at 12:43 PM","","T Bar Row",,"",0,"normal",45,12,,,
"Pull","Jun 24, 2026 at 11:01 AM","Jun 24, 2026 at 12:43 PM","","T Bar Row",,"",1,"normal",45,12,,,
"Pull","Jun 24, 2026 at 11:01 AM","Jun 24, 2026 at 12:43 PM","","T Bar Row",,"",2,"normal",55,12,,,
"Pull","Jun 24, 2026 at 11:01 AM","Jun 24, 2026 at 12:43 PM","","Crunch (Machine)",,"",0,"normal",140,16,,,
"Pull","Jun 24, 2026 at 11:01 AM","Jun 24, 2026 at 12:43 PM","","Crunch (Machine)",,"",1,"normal",140,12,,,
"Pull","Jun 24, 2026 at 11:01 AM","Jun 24, 2026 at 12:43 PM","","Crunch (Machine)",,"",2,"normal",130,10,,,
"Pull","Jun 24, 2026 at 11:01 AM","Jun 24, 2026 at 12:43 PM","","Leg Raise Parallel Bars",,"",0,"normal",,10,,,
"Pull","Jun 24, 2026 at 11:01 AM","Jun 24, 2026 at 12:43 PM","","Leg Raise Parallel Bars",,"",1,"normal",,10,,,
"Pull","Jun 24, 2026 at 11:01 AM","Jun 24, 2026 at 12:43 PM","","Leg Raise Parallel Bars",,"",2,"normal",,10,,,
"Push","Jun 22, 2026 at 11:15 AM","Jun 22, 2026 at 12:53 PM","","Bench Press (Barbell)",,"",0,"normal",135,8,,,
"Push","Jun 22, 2026 at 11:15 AM","Jun 22, 2026 at 12:53 PM","","Bench Press (Barbell)",,"",1,"normal",135,8,,,
"Push","Jun 22, 2026 at 11:15 AM","Jun 22, 2026 at 12:53 PM","","Bench Press (Barbell)",,"",2,"normal",135,7,,,
"Push","Jun 22, 2026 at 11:15 AM","Jun 22, 2026 at 12:53 PM","","Bench Press (Barbell)",,"",3,"normal",135,5,,,
"Push","Jun 22, 2026 at 11:15 AM","Jun 22, 2026 at 12:53 PM","","Incline Bench Press (Dumbbell)",,"",0,"normal",40,12,,,
"Push","Jun 22, 2026 at 11:15 AM","Jun 22, 2026 at 12:53 PM","","Incline Bench Press (Dumbbell)",,"",1,"normal",40,12,,,
"Push","Jun 22, 2026 at 11:15 AM","Jun 22, 2026 at 12:53 PM","","Incline Bench Press (Dumbbell)",,"",2,"normal",40,8,,,
"Push","Jun 22, 2026 at 11:15 AM","Jun 22, 2026 at 12:53 PM","","Cable Fly Crossovers",,"",0,"normal",27,10,,,
"Push","Jun 22, 2026 at 11:15 AM","Jun 22, 2026 at 12:53 PM","","Cable Fly Crossovers",,"",1,"normal",27,10,,,
"Push","Jun 22, 2026 at 11:15 AM","Jun 22, 2026 at 12:53 PM","","Cable Fly Crossovers",,"",2,"normal",27,10,,,
"Push","Jun 22, 2026 at 11:15 AM","Jun 22, 2026 at 12:53 PM","","Shoulder Press (Dumbbell)",,"",0,"normal",30,12,,,
"Push","Jun 22, 2026 at 11:15 AM","Jun 22, 2026 at 12:53 PM","","Shoulder Press (Dumbbell)",,"",1,"normal",30,12,,,
"Push","Jun 22, 2026 at 11:15 AM","Jun 22, 2026 at 12:53 PM","","Shoulder Press (Dumbbell)",,"",2,"normal",30,12,,,
"Push","Jun 22, 2026 at 11:15 AM","Jun 22, 2026 at 12:53 PM","","Lateral Raise (Dumbbell)",,"",0,"normal",12.5,16,,,
"Push","Jun 22, 2026 at 11:15 AM","Jun 22, 2026 at 12:53 PM","","Lateral Raise (Dumbbell)",,"",1,"normal",15,12,,,
"Push","Jun 22, 2026 at 11:15 AM","Jun 22, 2026 at 12:53 PM","","Lateral Raise (Dumbbell)",,"",2,"normal",15,12,,,
"Push","Jun 22, 2026 at 11:15 AM","Jun 22, 2026 at 12:53 PM","","Overhead Triceps Extension (Cable)",,"",0,"normal",60,12,,,
"Push","Jun 22, 2026 at 11:15 AM","Jun 22, 2026 at 12:53 PM","","Overhead Triceps Extension (Cable)",,"",1,"normal",60,12,,,
"Push","Jun 22, 2026 at 11:15 AM","Jun 22, 2026 at 12:53 PM","","Triceps Pushdown",,"",0,"normal",70,12,,,
"Push","Jun 22, 2026 at 11:15 AM","Jun 22, 2026 at 12:53 PM","","Triceps Pushdown",,"",1,"normal",70,12,,,
"Push","Jun 22, 2026 at 11:15 AM","Jun 22, 2026 at 12:53 PM","","Triceps Pushdown",,"",2,"normal",70,12,,,
"Legs","Jun 21, 2026 at 11:08 AM","Jun 21, 2026 at 11:53 AM","","Box Squat (Barbell)",,"",0,"normal",115,10,,,
"Legs","Jun 21, 2026 at 11:08 AM","Jun 21, 2026 at 11:53 AM","","Box Squat (Barbell)",,"",1,"normal",135,8,,,
"Legs","Jun 21, 2026 at 11:08 AM","Jun 21, 2026 at 11:53 AM","","Box Squat (Barbell)",,"",2,"normal",155,8,,,
"Legs","Jun 21, 2026 at 11:08 AM","Jun 21, 2026 at 11:53 AM","","Standing Calf Raise (Machine)",,"",0,"normal",160,12,,,
"Legs","Jun 21, 2026 at 11:08 AM","Jun 21, 2026 at 11:53 AM","","Standing Calf Raise (Machine)",,"",1,"normal",160,12,,,
"Legs","Jun 21, 2026 at 11:08 AM","Jun 21, 2026 at 11:53 AM","","Leg Extension (Machine)",,"",0,"normal",66,12,,,
"Legs","Jun 21, 2026 at 11:08 AM","Jun 21, 2026 at 11:53 AM","","Leg Extension (Machine)",,"",1,"normal",66,12,,,
"Legs","Jun 21, 2026 at 11:08 AM","Jun 21, 2026 at 11:53 AM","","Leg Press Horizontal (Machine)",,"",0,"normal",195,10,,,
"Legs","Jun 21, 2026 at 11:08 AM","Jun 21, 2026 at 11:53 AM","","Leg Press Horizontal (Machine)",,"",1,"normal",211,12,,,
"Legs","Jun 21, 2026 at 11:08 AM","Jun 21, 2026 at 11:53 AM","","Leg Press Horizontal (Machine)",,"",2,"normal",211,14,,,
"Pull","Jun 17, 2026 at 9:43 AM","Jun 17, 2026 at 10:41 AM","","Seated Incline Curl (Dumbbell)",,"",0,"normal",30,10,,,
"Pull","Jun 17, 2026 at 9:43 AM","Jun 17, 2026 at 10:41 AM","","Seated Incline Curl (Dumbbell)",,"",1,"normal",30,8,,,
"Pull","Jun 17, 2026 at 9:43 AM","Jun 17, 2026 at 10:41 AM","","Seated Incline Curl (Dumbbell)",,"",2,"normal",25,12,,,
"Pull","Jun 17, 2026 at 9:43 AM","Jun 17, 2026 at 10:41 AM","","Machine Preacher Hammer Curl",,"",0,"normal",29.48,12,,,
"Pull","Jun 17, 2026 at 9:43 AM","Jun 17, 2026 at 10:41 AM","","Machine Preacher Hammer Curl",,"",1,"normal",29.48,12,,,
"Pull","Jun 17, 2026 at 9:43 AM","Jun 17, 2026 at 10:41 AM","","Machine Preacher Hammer Curl",,"",2,"normal",29.48,12,,,
"Pull","Jun 17, 2026 at 9:43 AM","Jun 17, 2026 at 10:41 AM","","Lat Pulldown - Close Grip (Cable)",,"",0,"normal",100,12,,,
"Pull","Jun 17, 2026 at 9:43 AM","Jun 17, 2026 at 10:41 AM","","Lat Pulldown - Close Grip (Cable)",,"",1,"normal",100,12,,,
"Pull","Jun 17, 2026 at 9:43 AM","Jun 17, 2026 at 10:41 AM","","Lat Pulldown - Close Grip (Cable)",,"",2,"normal",100,10,,,
"Pull","Jun 17, 2026 at 9:43 AM","Jun 17, 2026 at 10:41 AM","","Seated Cable Row - Bar Grip",,"",0,"normal",100,10,,,
"Pull","Jun 17, 2026 at 9:43 AM","Jun 17, 2026 at 10:41 AM","","Seated Cable Row - Bar Grip",,"",1,"normal",100,10,,,
"Pull","Jun 17, 2026 at 9:43 AM","Jun 17, 2026 at 10:41 AM","","Seated Cable Row - Bar Grip",,"",2,"normal",85,12,,,
"Push","Jun 16, 2026 at 10:02 AM","Jun 16, 2026 at 11:50 AM","","Bench Press (Barbell)",,"",0,"normal",135,8,,,
"Push","Jun 16, 2026 at 10:02 AM","Jun 16, 2026 at 11:50 AM","","Bench Press (Barbell)",,"",1,"normal",135,8,,,
"Push","Jun 16, 2026 at 10:02 AM","Jun 16, 2026 at 11:50 AM","","Bench Press (Barbell)",,"",2,"normal",135,5,,,
"Push","Jun 16, 2026 at 10:02 AM","Jun 16, 2026 at 11:50 AM","","Bench Press (Barbell)",,"",3,"normal",135,6,,,
"Push","Jun 16, 2026 at 10:02 AM","Jun 16, 2026 at 11:50 AM","","Incline Bench Press (Dumbbell)",,"30 degrees",0,"normal",40,12,,,
"Push","Jun 16, 2026 at 10:02 AM","Jun 16, 2026 at 11:50 AM","","Incline Bench Press (Dumbbell)",,"30 degrees",1,"normal",40,12,,,
"Push","Jun 16, 2026 at 10:02 AM","Jun 16, 2026 at 11:50 AM","","Incline Bench Press (Dumbbell)",,"30 degrees",2,"normal",40,12,,,
"Push","Jun 16, 2026 at 10:02 AM","Jun 16, 2026 at 11:50 AM","","Cable Fly Crossovers",,"",0,"normal",30,10,,,
"Push","Jun 16, 2026 at 10:02 AM","Jun 16, 2026 at 11:50 AM","","Cable Fly Crossovers",,"",1,"normal",30,10,,,
"Push","Jun 16, 2026 at 10:02 AM","Jun 16, 2026 at 11:50 AM","","Cable Fly Crossovers",,"",2,"normal",30,9,,,
"Push","Jun 16, 2026 at 10:02 AM","Jun 16, 2026 at 11:50 AM","","Shoulder Press (Dumbbell)",,"",0,"normal",30,12,,,
"Push","Jun 16, 2026 at 10:02 AM","Jun 16, 2026 at 11:50 AM","","Shoulder Press (Dumbbell)",,"",1,"normal",32.5,12,,,
"Push","Jun 16, 2026 at 10:02 AM","Jun 16, 2026 at 11:50 AM","","Shoulder Press (Dumbbell)",,"",2,"normal",32.5,11,,,
"Push","Jun 16, 2026 at 10:02 AM","Jun 16, 2026 at 11:50 AM","","Lateral Raise (Dumbbell)",,"",0,"normal",12.5,16,,,
"Push","Jun 16, 2026 at 10:02 AM","Jun 16, 2026 at 11:50 AM","","Lateral Raise (Dumbbell)",,"",1,"normal",12,16,,,
"Push","Jun 16, 2026 at 10:02 AM","Jun 16, 2026 at 11:50 AM","","Lateral Raise (Dumbbell)",,"",2,"normal",15,16,,,
"Push","Jun 16, 2026 at 10:02 AM","Jun 16, 2026 at 11:50 AM","","Overhead Triceps Extension (Cable)",,"",0,"normal",60,12,,,
"Push","Jun 16, 2026 at 10:02 AM","Jun 16, 2026 at 11:50 AM","","Overhead Triceps Extension (Cable)",,"",1,"normal",60,12,,,
"Push","Jun 16, 2026 at 10:02 AM","Jun 16, 2026 at 11:50 AM","","Overhead Triceps Extension (Cable)",,"",2,"normal",60,12,,,
"Push","Jun 16, 2026 at 10:02 AM","Jun 16, 2026 at 11:50 AM","","Triceps Pushdown",,"",0,"normal",70,12,,,
"Push","Jun 16, 2026 at 10:02 AM","Jun 16, 2026 at 11:50 AM","","Triceps Pushdown",,"",1,"normal",70,12,,,
"Push","Jun 16, 2026 at 10:02 AM","Jun 16, 2026 at 11:50 AM","","Triceps Pushdown",,"",2,"normal",70,12,,,
"Legs","Jun 12, 2026 at 4:55 PM","Jun 12, 2026 at 6:10 PM","","Seated Leg Curl (Machine)",,"",0,"normal",152,10,,,
"Legs","Jun 12, 2026 at 4:55 PM","Jun 12, 2026 at 6:10 PM","","Seated Leg Curl (Machine)",,"",1,"normal",167,10,,,
"Legs","Jun 12, 2026 at 4:55 PM","Jun 12, 2026 at 6:10 PM","","Seated Leg Curl (Machine)",,"",2,"normal",167,10,,,
"Legs","Jun 12, 2026 at 4:55 PM","Jun 12, 2026 at 6:10 PM","","Standing Calf Raise (Machine)",,"",0,"normal",140,12,,,
"Legs","Jun 12, 2026 at 4:55 PM","Jun 12, 2026 at 6:10 PM","","Standing Calf Raise (Machine)",,"",1,"normal",160,12,,,
"Legs","Jun 12, 2026 at 4:55 PM","Jun 12, 2026 at 6:10 PM","","Standing Calf Raise (Machine)",,"",2,"normal",180,10,,,
"Legs","Jun 12, 2026 at 4:55 PM","Jun 12, 2026 at 6:10 PM","","Hip Thrust (Barbell)",,"",0,"normal",90,10,,,
"Legs","Jun 12, 2026 at 4:55 PM","Jun 12, 2026 at 6:10 PM","","Hip Thrust (Barbell)",,"",1,"normal",90,12,,,
"Legs","Jun 12, 2026 at 4:55 PM","Jun 12, 2026 at 6:10 PM","","Hip Thrust (Barbell)",,"",2,"normal",90,12,,,
"Legs","Jun 12, 2026 at 4:55 PM","Jun 12, 2026 at 6:10 PM","","Leg Extension (Machine)",,"",0,"normal",66,12,,,
"Legs","Jun 12, 2026 at 4:55 PM","Jun 12, 2026 at 6:10 PM","","Leg Extension (Machine)",,"",1,"normal",66,12,,,
"Legs","Jun 12, 2026 at 4:55 PM","Jun 12, 2026 at 6:10 PM","","Leg Extension (Machine)",,"",2,"normal",66,12,,,
"Legs","Jun 12, 2026 at 4:55 PM","Jun 12, 2026 at 6:10 PM","","Box Squat (Barbell)",,"",0,"normal",115,10,,,
"Legs","Jun 12, 2026 at 4:55 PM","Jun 12, 2026 at 6:10 PM","","Box Squat (Barbell)",,"",1,"normal",135,8,,,
"Legs","Jun 12, 2026 at 4:55 PM","Jun 12, 2026 at 6:10 PM","","Box Squat (Barbell)",,"",2,"normal",155,6,,,
"Legs","Jun 12, 2026 at 4:55 PM","Jun 12, 2026 at 6:10 PM","","Leg Press Horizontal (Machine)",,"",0,"normal",227,12,,,
"Legs","Jun 12, 2026 at 4:55 PM","Jun 12, 2026 at 6:10 PM","","Leg Press Horizontal (Machine)",,"",1,"normal",211,12,,,
"Legs","Jun 12, 2026 at 4:55 PM","Jun 12, 2026 at 6:10 PM","","Leg Press Horizontal (Machine)",,"",2,"normal",211,12,,,
"Pull","Jun 10, 2026 at 11:07 AM","Jun 10, 2026 at 12:18 PM","","Seated Incline Curl (Dumbbell)",,"",0,"normal",25,12,,,
"Pull","Jun 10, 2026 at 11:07 AM","Jun 10, 2026 at 12:18 PM","","Seated Incline Curl (Dumbbell)",,"",1,"normal",25,12,,,
"Pull","Jun 10, 2026 at 11:07 AM","Jun 10, 2026 at 12:18 PM","","Seated Incline Curl (Dumbbell)",,"",2,"normal",25,12,,,
"Pull","Jun 10, 2026 at 11:07 AM","Jun 10, 2026 at 12:18 PM","","Hammer Curl (Dumbbell)",,"",0,"normal",25,10,,,
"Pull","Jun 10, 2026 at 11:07 AM","Jun 10, 2026 at 12:18 PM","","Hammer Curl (Dumbbell)",,"",1,"normal",25,10,,,
"Pull","Jun 10, 2026 at 11:07 AM","Jun 10, 2026 at 12:18 PM","","Hammer Curl (Dumbbell)",,"",2,"normal",25,10,,,
"Pull","Jun 10, 2026 at 11:07 AM","Jun 10, 2026 at 12:18 PM","","Lat Pulldown - Close Grip (Cable)",,"",0,"normal",100,12,,,
"Pull","Jun 10, 2026 at 11:07 AM","Jun 10, 2026 at 12:18 PM","","Lat Pulldown - Close Grip (Cable)",,"",1,"normal",100,12,,,
"Pull","Jun 10, 2026 at 11:07 AM","Jun 10, 2026 at 12:18 PM","","Lat Pulldown - Close Grip (Cable)",,"",2,"normal",100,12,,,
"Pull","Jun 10, 2026 at 11:07 AM","Jun 10, 2026 at 12:18 PM","","T Bar Row",,"Chest supported",0,"normal",45,12,,,
"Pull","Jun 10, 2026 at 11:07 AM","Jun 10, 2026 at 12:18 PM","","T Bar Row",,"Chest supported",1,"normal",45,12,,,
"Pull","Jun 10, 2026 at 11:07 AM","Jun 10, 2026 at 12:18 PM","","T Bar Row",,"Chest supported",2,"normal",45,12,,,
"Pull","Jun 10, 2026 at 11:07 AM","Jun 10, 2026 at 12:18 PM","","Rear Delt Reverse Fly (Cable)",,"",0,"normal",10,10,,,
"Pull","Jun 10, 2026 at 11:07 AM","Jun 10, 2026 at 12:18 PM","","Rear Delt Reverse Fly (Cable)",,"",1,"normal",10,12,,,
"Pull","Jun 10, 2026 at 11:07 AM","Jun 10, 2026 at 12:18 PM","","Rear Delt Reverse Fly (Cable)",,"",2,"normal",10,12,,,
"Push","Jun 6, 2026 at 1:23 PM","Jun 6, 2026 at 3:11 PM","","Bench Press (Barbell)",,"",0,"normal",135,8,,,
"Push","Jun 6, 2026 at 1:23 PM","Jun 6, 2026 at 3:11 PM","","Bench Press (Barbell)",,"",1,"normal",135,8,,,
"Push","Jun 6, 2026 at 1:23 PM","Jun 6, 2026 at 3:11 PM","","Bench Press (Barbell)",,"",2,"normal",135,8,,,
"Push","Jun 6, 2026 at 1:23 PM","Jun 6, 2026 at 3:11 PM","","Bench Press (Barbell)",,"",3,"normal",145,5,,,
"Push","Jun 6, 2026 at 1:23 PM","Jun 6, 2026 at 3:11 PM","","Incline Bench Press (Dumbbell)",,"",0,"normal",45,12,,,
"Push","Jun 6, 2026 at 1:23 PM","Jun 6, 2026 at 3:11 PM","","Incline Bench Press (Dumbbell)",,"",1,"normal",45,12,,,
"Push","Jun 6, 2026 at 1:23 PM","Jun 6, 2026 at 3:11 PM","","Incline Bench Press (Dumbbell)",,"",2,"normal",45,7,,,
"Push","Jun 6, 2026 at 1:23 PM","Jun 6, 2026 at 3:11 PM","","Incline Bench Press (Dumbbell)",,"",3,"normal",45,5,,,
"Push","Jun 6, 2026 at 1:23 PM","Jun 6, 2026 at 3:11 PM","","Cable Fly Crossovers",,"",0,"normal",27,12,,,
"Push","Jun 6, 2026 at 1:23 PM","Jun 6, 2026 at 3:11 PM","","Cable Fly Crossovers",,"",1,"normal",27,12,,,
"Push","Jun 6, 2026 at 1:23 PM","Jun 6, 2026 at 3:11 PM","","Cable Fly Crossovers",,"",2,"normal",27,12,,,
"Push","Jun 6, 2026 at 1:23 PM","Jun 6, 2026 at 3:11 PM","","Shoulder Press (Dumbbell)",,"",0,"normal",32.5,12,,,
"Push","Jun 6, 2026 at 1:23 PM","Jun 6, 2026 at 3:11 PM","","Shoulder Press (Dumbbell)",,"",1,"normal",32.5,12,,,
"Push","Jun 6, 2026 at 1:23 PM","Jun 6, 2026 at 3:11 PM","","Shoulder Press (Dumbbell)",,"",2,"normal",32.5,9,,,
"Push","Jun 6, 2026 at 1:23 PM","Jun 6, 2026 at 3:11 PM","","Lateral Raise (Dumbbell)",,"",0,"normal",15,16,,,
"Push","Jun 6, 2026 at 1:23 PM","Jun 6, 2026 at 3:11 PM","","Lateral Raise (Dumbbell)",,"",1,"normal",15,16,,,
"Push","Jun 6, 2026 at 1:23 PM","Jun 6, 2026 at 3:11 PM","","Lateral Raise (Dumbbell)",,"",2,"normal",15,14,,,
"Push","Jun 6, 2026 at 1:23 PM","Jun 6, 2026 at 3:11 PM","","Overhead Triceps Extension (Cable)",,"",0,"normal",60,12,,,
"Push","Jun 6, 2026 at 1:23 PM","Jun 6, 2026 at 3:11 PM","","Overhead Triceps Extension (Cable)",,"",1,"normal",70,7,,,
"Push","Jun 6, 2026 at 1:23 PM","Jun 6, 2026 at 3:11 PM","","Overhead Triceps Extension (Cable)",,"",2,"normal",60,8,,,
"Push","Jun 6, 2026 at 1:23 PM","Jun 6, 2026 at 3:11 PM","","Triceps Pushdown",,"",0,"normal",70,12,,,
"Push","Jun 6, 2026 at 1:23 PM","Jun 6, 2026 at 3:11 PM","","Triceps Pushdown",,"",1,"normal",70,12,,,
"Push","Jun 6, 2026 at 1:23 PM","Jun 6, 2026 at 3:11 PM","","Triceps Pushdown",,"",2,"normal",70,12,,,
"Legs","Jun 4, 2026 at 10:07 AM","Jun 4, 2026 at 11:14 AM","","Hack Squat (Machine)",,"",0,"normal",90,12,,,
"Legs","Jun 4, 2026 at 10:07 AM","Jun 4, 2026 at 11:14 AM","","Hack Squat (Machine)",,"",1,"normal",90,12,,,
"Legs","Jun 4, 2026 at 10:07 AM","Jun 4, 2026 at 11:14 AM","","Hack Squat (Machine)",,"",2,"normal",110,12,,,
"Legs","Jun 4, 2026 at 10:07 AM","Jun 4, 2026 at 11:14 AM","","Seated Leg Curl (Machine)",,"",0,"normal",152,12,,,
"Legs","Jun 4, 2026 at 10:07 AM","Jun 4, 2026 at 11:14 AM","","Seated Leg Curl (Machine)",,"",1,"normal",152,10,,,
"Legs","Jun 4, 2026 at 10:07 AM","Jun 4, 2026 at 11:14 AM","","Seated Leg Curl (Machine)",,"",2,"normal",167,12,,,
"Legs","Jun 4, 2026 at 10:07 AM","Jun 4, 2026 at 11:14 AM","","Standing Calf Raise (Machine)",,"",0,"normal",90,12,,,
"Legs","Jun 4, 2026 at 10:07 AM","Jun 4, 2026 at 11:14 AM","","Hip Thrust (Barbell)",,"",0,"normal",90,10,,,
"Legs","Jun 4, 2026 at 10:07 AM","Jun 4, 2026 at 11:14 AM","","Hip Thrust (Barbell)",,"",1,"normal",90,12,,,
"Legs","Jun 4, 2026 at 10:07 AM","Jun 4, 2026 at 11:14 AM","","Hip Thrust (Barbell)",,"",2,"normal",90,12,,,
"Legs","Jun 4, 2026 at 10:07 AM","Jun 4, 2026 at 11:14 AM","","Crunch (Machine)",,"",0,"normal",140,12,,,
"Legs","Jun 4, 2026 at 10:07 AM","Jun 4, 2026 at 11:14 AM","","Crunch (Machine)",,"",1,"normal",140,10,,,
"Legs","Jun 4, 2026 at 10:07 AM","Jun 4, 2026 at 11:14 AM","","Crunch (Machine)",,"",2,"normal",14,12,,,
"Legs","Jun 4, 2026 at 10:07 AM","Jun 4, 2026 at 11:14 AM","","Leg Extension (Machine)",,"",0,"normal",66,12,,,
"Legs","Jun 4, 2026 at 10:07 AM","Jun 4, 2026 at 11:14 AM","","Leg Extension (Machine)",,"",1,"normal",66,12,,,
"Legs","Jun 4, 2026 at 10:07 AM","Jun 4, 2026 at 11:14 AM","","Leg Extension (Machine)",,"",2,"normal",66,12,,,
"Legs","Jun 4, 2026 at 10:07 AM","Jun 4, 2026 at 11:14 AM","","Leg Press Horizontal (Machine)",,"",0,"normal",147,10,,,
"Legs","Jun 4, 2026 at 10:07 AM","Jun 4, 2026 at 11:14 AM","","Leg Press Horizontal (Machine)",,"",1,"normal",147,12,,,
"Legs","Jun 4, 2026 at 10:07 AM","Jun 4, 2026 at 11:14 AM","","Leg Press Horizontal (Machine)",,"",2,"normal",163,12,,,
"Legs","Jun 4, 2026 at 10:07 AM","Jun 4, 2026 at 11:14 AM","","Calf Extension (Machine)",,"",0,"normal",274,12,,,
"Legs","Jun 4, 2026 at 10:07 AM","Jun 4, 2026 at 11:14 AM","","Calf Extension (Machine)",,"",1,"normal",274,12,,,
"Pull","Jun 3, 2026 at 9:59 AM","Jun 3, 2026 at 11:25 AM","","Seated Incline Curl (Dumbbell)",,"",0,"normal",25,12,,,
"Pull","Jun 3, 2026 at 9:59 AM","Jun 3, 2026 at 11:25 AM","","Seated Incline Curl (Dumbbell)",,"",1,"normal",30,10,,,
"Pull","Jun 3, 2026 at 9:59 AM","Jun 3, 2026 at 11:25 AM","","Seated Incline Curl (Dumbbell)",,"",2,"normal",30,5,,,
"Pull","Jun 3, 2026 at 9:59 AM","Jun 3, 2026 at 11:25 AM","","Seated Incline Curl (Dumbbell)",,"",3,"normal",30,5,,,
"Pull","Jun 3, 2026 at 9:59 AM","Jun 3, 2026 at 11:25 AM","","Hammer Curl (Dumbbell)",,"",0,"normal",25,10,,,
"Pull","Jun 3, 2026 at 9:59 AM","Jun 3, 2026 at 11:25 AM","","Hammer Curl (Dumbbell)",,"",1,"normal",25,10,,,
"Pull","Jun 3, 2026 at 9:59 AM","Jun 3, 2026 at 11:25 AM","","Hammer Curl (Dumbbell)",,"",2,"normal",25,10,,,
"Pull","Jun 3, 2026 at 9:59 AM","Jun 3, 2026 at 11:25 AM","","Lat Pulldown (Cable)",,"",0,"normal",100,10,,,
"Pull","Jun 3, 2026 at 9:59 AM","Jun 3, 2026 at 11:25 AM","","Lat Pulldown (Cable)",,"",1,"normal",100,10,,,
"Pull","Jun 3, 2026 at 9:59 AM","Jun 3, 2026 at 11:25 AM","","Lat Pulldown (Cable)",,"",2,"normal",100,10,,,
"Pull","Jun 3, 2026 at 9:59 AM","Jun 3, 2026 at 11:25 AM","","Seated Cable Row - V Grip (Cable)",,"",0,"normal",100,12,,,
"Pull","Jun 3, 2026 at 9:59 AM","Jun 3, 2026 at 11:25 AM","","Seated Cable Row - V Grip (Cable)",,"",1,"normal",100,12,,,
"Pull","Jun 3, 2026 at 9:59 AM","Jun 3, 2026 at 11:25 AM","","Seated Cable Row - V Grip (Cable)",,"",2,"normal",100,10,,,
"Pull","Jun 3, 2026 at 9:59 AM","Jun 3, 2026 at 11:25 AM","","Rear Delt Reverse Fly (Machine)",,"",0,"normal",40,10,,,
"Pull","Jun 3, 2026 at 9:59 AM","Jun 3, 2026 at 11:25 AM","","Rear Delt Reverse Fly (Machine)",,"",1,"normal",40,10,,,
"Pull","Jun 3, 2026 at 9:59 AM","Jun 3, 2026 at 11:25 AM","","Rear Delt Reverse Fly (Machine)",,"",2,"normal",40,10,,,
"Pull","Jun 3, 2026 at 9:59 AM","Jun 3, 2026 at 11:25 AM","","Crunch (Machine)",,"",0,"normal",130,20,,,
"Pull","Jun 3, 2026 at 9:59 AM","Jun 3, 2026 at 11:25 AM","","Crunch (Machine)",,"",1,"normal",140,20,,,
"Pull","Jun 3, 2026 at 9:59 AM","Jun 3, 2026 at 11:25 AM","","Crunch (Machine)",,"",2,"normal",140,12,,,
"Push","Jun 2, 2026 at 11:22 AM","Jun 2, 2026 at 12:43 PM","","Bench Press (Barbell)",,"",0,"normal",135,6,,,
"Push","Jun 2, 2026 at 11:22 AM","Jun 2, 2026 at 12:43 PM","","Bench Press (Barbell)",,"",1,"normal",135,8,,,
"Push","Jun 2, 2026 at 11:22 AM","Jun 2, 2026 at 12:43 PM","","Bench Press (Barbell)",,"",2,"normal",135,8,,,
"Push","Jun 2, 2026 at 11:22 AM","Jun 2, 2026 at 12:43 PM","","Bench Press (Barbell)",,"",3,"normal",135,8,,,
"Push","Jun 2, 2026 at 11:22 AM","Jun 2, 2026 at 12:43 PM","","Incline Bench Press (Dumbbell)",,"",0,"normal",45,12,,,
"Push","Jun 2, 2026 at 11:22 AM","Jun 2, 2026 at 12:43 PM","","Incline Bench Press (Dumbbell)",,"",1,"normal",45,12,,,
"Push","Jun 2, 2026 at 11:22 AM","Jun 2, 2026 at 12:43 PM","","Incline Bench Press (Dumbbell)",,"",2,"normal",45,10,,,
"Push","Jun 2, 2026 at 11:22 AM","Jun 2, 2026 at 12:43 PM","","Chest Fly (Machine)",,"",0,"normal",50,12,,,
"Push","Jun 2, 2026 at 11:22 AM","Jun 2, 2026 at 12:43 PM","","Chest Fly (Machine)",,"",1,"normal",60,12,,,
"Push","Jun 2, 2026 at 11:22 AM","Jun 2, 2026 at 12:43 PM","","Chest Fly (Machine)",,"",2,"normal",60,12,,,
"Push","Jun 2, 2026 at 11:22 AM","Jun 2, 2026 at 12:43 PM","","Shoulder Press (Dumbbell)",,"",0,"normal",30,10,,,
"Push","Jun 2, 2026 at 11:22 AM","Jun 2, 2026 at 12:43 PM","","Shoulder Press (Dumbbell)",,"",1,"normal",30,10,,,
"Push","Jun 2, 2026 at 11:22 AM","Jun 2, 2026 at 12:43 PM","","Shoulder Press (Dumbbell)",,"",2,"normal",30,12,,,
"Push","Jun 2, 2026 at 11:22 AM","Jun 2, 2026 at 12:43 PM","","Lateral Raise (Dumbbell)",,"",0,"normal",15,12,,,
"Push","Jun 2, 2026 at 11:22 AM","Jun 2, 2026 at 12:43 PM","","Lateral Raise (Dumbbell)",,"",1,"normal",15,12,,,
"Push","Jun 2, 2026 at 11:22 AM","Jun 2, 2026 at 12:43 PM","","Lateral Raise (Dumbbell)",,"",2,"normal",15,12,,,
"Push","Jun 2, 2026 at 11:22 AM","Jun 2, 2026 at 12:43 PM","","Triceps Pushdown",,"",0,"normal",70,10,,,
"Push","Jun 2, 2026 at 11:22 AM","Jun 2, 2026 at 12:43 PM","","Triceps Pushdown",,"",1,"normal",60,10,,,
"Push","Jun 2, 2026 at 11:22 AM","Jun 2, 2026 at 12:43 PM","","Triceps Pushdown",,"",2,"normal",70,15,,,
"Legs","Jun 1, 2026 at 11:23 AM","Jun 1, 2026 at 12:40 PM","","Hack Squat (Machine)",,"",0,"normal",90,10,,,
"Legs","Jun 1, 2026 at 11:23 AM","Jun 1, 2026 at 12:40 PM","","Hack Squat (Machine)",,"",1,"normal",90,14,,,
"Legs","Jun 1, 2026 at 11:23 AM","Jun 1, 2026 at 12:40 PM","","Hack Squat (Machine)",,"",2,"normal",110,14,,,
"Legs","Jun 1, 2026 at 11:23 AM","Jun 1, 2026 at 12:40 PM","","Seated Leg Curl (Machine)",,"",0,"normal",152,10,,,
"Legs","Jun 1, 2026 at 11:23 AM","Jun 1, 2026 at 12:40 PM","","Seated Leg Curl (Machine)",,"",1,"normal",152,14,,,
"Legs","Jun 1, 2026 at 11:23 AM","Jun 1, 2026 at 12:40 PM","","Seated Leg Curl (Machine)",,"",2,"normal",167,11,,,
"Legs","Jun 1, 2026 at 11:23 AM","Jun 1, 2026 at 12:40 PM","","Standing Calf Raise (Machine)",,"",0,"normal",90,12,,,
"Legs","Jun 1, 2026 at 11:23 AM","Jun 1, 2026 at 12:40 PM","","Standing Calf Raise (Machine)",,"",1,"normal",110,16,,,
"Legs","Jun 1, 2026 at 11:23 AM","Jun 1, 2026 at 12:40 PM","","Standing Calf Raise (Machine)",,"",2,"normal",140,12,,,
"Legs","Jun 1, 2026 at 11:23 AM","Jun 1, 2026 at 12:40 PM","","Hip Thrust (Barbell)",,"",0,"normal",90,10,,,
"Legs","Jun 1, 2026 at 11:23 AM","Jun 1, 2026 at 12:40 PM","","Hip Thrust (Barbell)",,"",1,"normal",90,12,,,
"Legs","Jun 1, 2026 at 11:23 AM","Jun 1, 2026 at 12:40 PM","","Hip Thrust (Barbell)",,"",2,"normal",90,12,,,
"Legs","Jun 1, 2026 at 11:23 AM","Jun 1, 2026 at 12:40 PM","","Crunch (Machine)",,"",0,"normal",130,12,,,
"Legs","Jun 1, 2026 at 11:23 AM","Jun 1, 2026 at 12:40 PM","","Crunch (Machine)",,"",1,"normal",130,20,,,
"Legs","Jun 1, 2026 at 11:23 AM","Jun 1, 2026 at 12:40 PM","","Crunch (Machine)",,"",2,"normal",130,16,,,
"Legs","Jun 1, 2026 at 11:23 AM","Jun 1, 2026 at 12:40 PM","","Leg Extension (Machine)",,"",0,"normal",52,16,,,
"Legs","Jun 1, 2026 at 11:23 AM","Jun 1, 2026 at 12:40 PM","","Leg Extension (Machine)",,"",1,"normal",66,12,,,
"Legs","Jun 1, 2026 at 11:23 AM","Jun 1, 2026 at 12:40 PM","","Leg Extension (Machine)",,"",2,"normal",66,12,,,
"Pull","May 29, 2026 at 3:25 PM","May 29, 2026 at 4:03 PM","","Preacher Curl (Dumbbell)",,"",0,"normal",27.5,5,,,
"Pull","May 29, 2026 at 3:25 PM","May 29, 2026 at 4:03 PM","","Preacher Curl (Dumbbell)",,"",1,"normal",20,12,,,
"Pull","May 29, 2026 at 3:25 PM","May 29, 2026 at 4:03 PM","","Preacher Curl (Dumbbell)",,"",2,"normal",20,12,,,
"Pull","May 29, 2026 at 3:25 PM","May 29, 2026 at 4:03 PM","","Hammer Curl (Dumbbell)",,"",0,"normal",25,10,,,
"Pull","May 29, 2026 at 3:25 PM","May 29, 2026 at 4:03 PM","","Hammer Curl (Dumbbell)",,"",1,"normal",25,8,,,
"Pull","May 29, 2026 at 3:25 PM","May 29, 2026 at 4:03 PM","","Hammer Curl (Dumbbell)",,"",2,"normal",25,10,,,
"Pull","May 29, 2026 at 3:25 PM","May 29, 2026 at 4:03 PM","","Lat Pulldown (Cable)",,"",0,"normal",100,10,,,
"Pull","May 29, 2026 at 3:25 PM","May 29, 2026 at 4:03 PM","","Lat Pulldown (Cable)",,"",1,"normal",100,10,,,
"Pull","May 29, 2026 at 3:25 PM","May 29, 2026 at 4:03 PM","","Lat Pulldown (Cable)",,"",2,"normal",100,10,,,
"Pull","May 29, 2026 at 3:25 PM","May 29, 2026 at 4:03 PM","","Seated Cable Row - V Grip (Cable)",,"",0,"normal",100,10,,,
"Pull","May 29, 2026 at 3:25 PM","May 29, 2026 at 4:03 PM","","Seated Cable Row - V Grip (Cable)",,"",1,"normal",100,12,,,
"Pull","May 29, 2026 at 3:25 PM","May 29, 2026 at 4:03 PM","","Seated Cable Row - V Grip (Cable)",,"",2,"normal",100,10,,,
"Push","May 28, 2026 at 3:28 PM","May 28, 2026 at 5:02 PM","","Bench Press (Barbell)",,"",0,"normal",135,8,,,
"Push","May 28, 2026 at 3:28 PM","May 28, 2026 at 5:02 PM","","Bench Press (Barbell)",,"",1,"normal",135,8,,,
"Push","May 28, 2026 at 3:28 PM","May 28, 2026 at 5:02 PM","","Bench Press (Barbell)",,"",2,"normal",135,8,,,
"Push","May 28, 2026 at 3:28 PM","May 28, 2026 at 5:02 PM","","Bench Press (Barbell)",,"",3,"normal",135,8,,,
"Push","May 28, 2026 at 3:28 PM","May 28, 2026 at 5:02 PM","","Incline Bench Press (Dumbbell)",,"",0,"normal",45,10,,,
"Push","May 28, 2026 at 3:28 PM","May 28, 2026 at 5:02 PM","","Incline Bench Press (Dumbbell)",,"",1,"normal",45,12,,,
"Push","May 28, 2026 at 3:28 PM","May 28, 2026 at 5:02 PM","","Incline Bench Press (Dumbbell)",,"",2,"normal",45,10,,,
"Push","May 28, 2026 at 3:28 PM","May 28, 2026 at 5:02 PM","","Cable Fly Crossovers",,"",0,"normal",27,12,,,
"Push","May 28, 2026 at 3:28 PM","May 28, 2026 at 5:02 PM","","Cable Fly Crossovers",,"",1,"normal",27,12,,,
"Push","May 28, 2026 at 3:28 PM","May 28, 2026 at 5:02 PM","","Cable Fly Crossovers",,"",2,"normal",27,12,,,
"Push","May 28, 2026 at 3:28 PM","May 28, 2026 at 5:02 PM","","Shoulder Press (Dumbbell)",,"",0,"normal",30,8,,,
"Push","May 28, 2026 at 3:28 PM","May 28, 2026 at 5:02 PM","","Shoulder Press (Dumbbell)",,"",1,"normal",30,10,,,
"Push","May 28, 2026 at 3:28 PM","May 28, 2026 at 5:02 PM","","Shoulder Press (Dumbbell)",,"",2,"normal",30,12,,,
"Push","May 28, 2026 at 3:28 PM","May 28, 2026 at 5:02 PM","","Lateral Raise (Dumbbell)",,"",0,"normal",15,12,,,
"Push","May 28, 2026 at 3:28 PM","May 28, 2026 at 5:02 PM","","Lateral Raise (Dumbbell)",,"",1,"normal",15,12,,,
"Push","May 28, 2026 at 3:28 PM","May 28, 2026 at 5:02 PM","","Lateral Raise (Dumbbell)",,"",2,"normal",15,16,,,
"Push","May 28, 2026 at 3:28 PM","May 28, 2026 at 5:02 PM","","Overhead Triceps Extension (Cable)",,"",0,"normal",60,10,,,
"Push","May 28, 2026 at 3:28 PM","May 28, 2026 at 5:02 PM","","Overhead Triceps Extension (Cable)",,"",1,"normal",60,12,,,
"Push","May 28, 2026 at 3:28 PM","May 28, 2026 at 5:02 PM","","Overhead Triceps Extension (Cable)",,"",2,"normal",60,11,,,
"Push","May 28, 2026 at 3:28 PM","May 28, 2026 at 5:02 PM","","Triceps Pushdown",,"",0,"normal",70,12,,,
"Push","May 28, 2026 at 3:28 PM","May 28, 2026 at 5:02 PM","","Triceps Pushdown",,"",1,"normal",60,16,,,
"Push","May 28, 2026 at 3:28 PM","May 28, 2026 at 5:02 PM","","Triceps Pushdown",,"",2,"normal",60,16,,,
"Legs","May 27, 2026 at 4:10 PM","May 27, 2026 at 5:07 PM","","Hack Squat (Machine)",,"",0,"normal",90,10,,,
"Legs","May 27, 2026 at 4:10 PM","May 27, 2026 at 5:07 PM","","Hack Squat (Machine)",,"",1,"normal",90,10,,,
"Legs","May 27, 2026 at 4:10 PM","May 27, 2026 at 5:07 PM","","Hack Squat (Machine)",,"",2,"normal",110,12,,,
"Legs","May 27, 2026 at 4:10 PM","May 27, 2026 at 5:07 PM","","Seated Leg Curl (Machine)",,"",0,"normal",133,10,,,
"Legs","May 27, 2026 at 4:10 PM","May 27, 2026 at 5:07 PM","","Seated Leg Curl (Machine)",,"",1,"normal",150,10,,,
"Legs","May 27, 2026 at 4:10 PM","May 27, 2026 at 5:07 PM","","Seated Leg Curl (Machine)",,"",2,"normal",150,12,,,
"Legs","May 27, 2026 at 4:10 PM","May 27, 2026 at 5:07 PM","","Standing Calf Raise (Machine)",,"",0,"normal",90,12,,,
"Legs","May 27, 2026 at 4:10 PM","May 27, 2026 at 5:07 PM","","Standing Calf Raise (Machine)",,"",1,"normal",110,10,,,
"Legs","May 27, 2026 at 4:10 PM","May 27, 2026 at 5:07 PM","","Standing Calf Raise (Machine)",,"",2,"normal",140,10,,,
"Legs","May 27, 2026 at 4:10 PM","May 27, 2026 at 5:07 PM","","Hip Thrust (Barbell)",,"",0,"normal",70,10,,,
"Legs","May 27, 2026 at 4:10 PM","May 27, 2026 at 5:07 PM","","Hip Thrust (Barbell)",,"",1,"normal",70,10,,,
"Legs","May 27, 2026 at 4:10 PM","May 27, 2026 at 5:07 PM","","Hip Thrust (Barbell)",,"",2,"normal",70,12,,,
"Legs","May 27, 2026 at 4:10 PM","May 27, 2026 at 5:07 PM","","Crunch (Machine)",,"",0,"normal",130,12,,,
"Legs","May 27, 2026 at 4:10 PM","May 27, 2026 at 5:07 PM","","Crunch (Machine)",,"",1,"normal",130,12,,,
"Legs","May 27, 2026 at 4:10 PM","May 27, 2026 at 5:07 PM","","Crunch (Machine)",,"",2,"normal",140,10,,,
"Legs","May 27, 2026 at 4:10 PM","May 27, 2026 at 5:07 PM","","Leg Raise Parallel Bars",,"",0,"normal",,10,,,
"Legs","May 27, 2026 at 4:10 PM","May 27, 2026 at 5:07 PM","","Leg Raise Parallel Bars",,"",1,"normal",,10,,,
"Legs","May 27, 2026 at 4:10 PM","May 27, 2026 at 5:07 PM","","Leg Raise Parallel Bars",,"",2,"normal",,10,,,
"Pull","May 25, 2026 at 2:08 PM","May 25, 2026 at 3:57 PM","","Behind the Back Curl (Cable)",,"",0,"normal",23,12,,,
"Pull","May 25, 2026 at 2:08 PM","May 25, 2026 at 3:57 PM","","Behind the Back Curl (Cable)",,"",1,"normal",23,12,,,
"Pull","May 25, 2026 at 2:08 PM","May 25, 2026 at 3:57 PM","","Behind the Back Curl (Cable)",,"",2,"normal",27,10,,,
"Pull","May 25, 2026 at 2:08 PM","May 25, 2026 at 3:57 PM","","Preacher Curl (Machine)",,"Hammer curl grip",0,"normal",45,10,,,
"Pull","May 25, 2026 at 2:08 PM","May 25, 2026 at 3:57 PM","","Preacher Curl (Machine)",,"Hammer curl grip",1,"normal",45,10,,,
"Pull","May 25, 2026 at 2:08 PM","May 25, 2026 at 3:57 PM","","Preacher Curl (Machine)",,"Hammer curl grip",2,"normal",45,10,,,
"Pull","May 25, 2026 at 2:08 PM","May 25, 2026 at 3:57 PM","","Lat Pulldown (Cable)",,"",0,"normal",85,10,,,
"Pull","May 25, 2026 at 2:08 PM","May 25, 2026 at 3:57 PM","","Lat Pulldown (Cable)",,"",1,"normal",100,10,,,
"Pull","May 25, 2026 at 2:08 PM","May 25, 2026 at 3:57 PM","","Lat Pulldown (Cable)",,"",2,"normal",100,10,,,
"Pull","May 25, 2026 at 2:08 PM","May 25, 2026 at 3:57 PM","","Seated Cable Row - V Grip (Cable)",,"",0,"normal",100,10,,,
"Pull","May 25, 2026 at 2:08 PM","May 25, 2026 at 3:57 PM","","Seated Cable Row - V Grip (Cable)",,"",1,"normal",100,10,,,
"Pull","May 25, 2026 at 2:08 PM","May 25, 2026 at 3:57 PM","","Seated Cable Row - V Grip (Cable)",,"",2,"normal",100,10,,,
"Pull","May 25, 2026 at 2:08 PM","May 25, 2026 at 3:57 PM","","Rear Delt Reverse Fly (Cable)",,"",0,"normal",10,10,,,
"Pull","May 25, 2026 at 2:08 PM","May 25, 2026 at 3:57 PM","","Rear Delt Reverse Fly (Cable)",,"",1,"normal",10,12,,,
"Pull","May 25, 2026 at 2:08 PM","May 25, 2026 at 3:57 PM","","Rear Delt Reverse Fly (Cable)",,"",2,"normal",13,13,,,
"Pull","May 25, 2026 at 2:08 PM","May 25, 2026 at 3:57 PM","","Back Extension (Machine)",,"",0,"normal",20,10,,,
"Pull","May 25, 2026 at 2:08 PM","May 25, 2026 at 3:57 PM","","Back Extension (Machine)",,"",1,"normal",20,10,,,
"Pull","May 25, 2026 at 2:08 PM","May 25, 2026 at 3:57 PM","","Back Extension (Machine)",,"",2,"normal",20,10,,,
"Pull","May 25, 2026 at 2:08 PM","May 25, 2026 at 3:57 PM","","Crunch (Machine)",,"",0,"normal",110,12,,,
"Pull","May 25, 2026 at 2:08 PM","May 25, 2026 at 3:57 PM","","Crunch (Machine)",,"",1,"normal",130,16,,,
"Pull","May 25, 2026 at 2:08 PM","May 25, 2026 at 3:57 PM","","Crunch (Machine)",,"",2,"normal",140,10,,,
"Push","May 24, 2026 at 1:57 PM","May 24, 2026 at 3:24 PM","","Bench Press (Barbell)",,"",0,"normal",135,8,,,
"Push","May 24, 2026 at 1:57 PM","May 24, 2026 at 3:24 PM","","Bench Press (Barbell)",,"",1,"normal",135,8,,,
"Push","May 24, 2026 at 1:57 PM","May 24, 2026 at 3:24 PM","","Bench Press (Barbell)",,"",2,"normal",135,5,,,
"Push","May 24, 2026 at 1:57 PM","May 24, 2026 at 3:24 PM","","Bench Press (Barbell)",,"",3,"normal",135,6,,,
"Push","May 24, 2026 at 1:57 PM","May 24, 2026 at 3:24 PM","","Incline Bench Press (Dumbbell)",,"30 degrees",0,"normal",45,12,,,
"Push","May 24, 2026 at 1:57 PM","May 24, 2026 at 3:24 PM","","Incline Bench Press (Dumbbell)",,"30 degrees",1,"normal",45,8,,,
"Push","May 24, 2026 at 1:57 PM","May 24, 2026 at 3:24 PM","","Incline Bench Press (Dumbbell)",,"30 degrees",2,"normal",45,8,,,
"Push","May 24, 2026 at 1:57 PM","May 24, 2026 at 3:24 PM","","Cable Fly Crossovers",,"",0,"normal",27,12,,,
"Push","May 24, 2026 at 1:57 PM","May 24, 2026 at 3:24 PM","","Cable Fly Crossovers",,"",1,"normal",27,12,,,
"Push","May 24, 2026 at 1:57 PM","May 24, 2026 at 3:24 PM","","Cable Fly Crossovers",,"",2,"normal",27,12,,,
"Push","May 24, 2026 at 1:57 PM","May 24, 2026 at 3:24 PM","","Shoulder Press (Dumbbell)",,"",0,"normal",30,12,,,
"Push","May 24, 2026 at 1:57 PM","May 24, 2026 at 3:24 PM","","Shoulder Press (Dumbbell)",,"",1,"normal",30,8,,,
"Push","May 24, 2026 at 1:57 PM","May 24, 2026 at 3:24 PM","","Shoulder Press (Dumbbell)",,"",2,"normal",30,8,,,
"Push","May 24, 2026 at 1:57 PM","May 24, 2026 at 3:24 PM","","Lateral Raise (Dumbbell)",,"",0,"normal",12.5,12,,,
"Push","May 24, 2026 at 1:57 PM","May 24, 2026 at 3:24 PM","","Lateral Raise (Dumbbell)",,"",1,"normal",12.5,12,,,
"Push","May 24, 2026 at 1:57 PM","May 24, 2026 at 3:24 PM","","Lateral Raise (Dumbbell)",,"",2,"normal",12.5,12,,,
"Push","May 24, 2026 at 1:57 PM","May 24, 2026 at 3:24 PM","","Overhead Triceps Extension (Cable)",,"",0,"normal",60,12,,,
"Push","May 24, 2026 at 1:57 PM","May 24, 2026 at 3:24 PM","","Overhead Triceps Extension (Cable)",,"",1,"normal",60,12,,,
"Push","May 24, 2026 at 1:57 PM","May 24, 2026 at 3:24 PM","","Overhead Triceps Extension (Cable)",,"",2,"normal",60,8,,,
"Push","May 24, 2026 at 1:57 PM","May 24, 2026 at 3:24 PM","","Triceps Pushdown",,"",0,"normal",60,12,,,
"Push","May 24, 2026 at 1:57 PM","May 24, 2026 at 3:24 PM","","Triceps Pushdown",,"",1,"normal",60,16,,,
"Push","May 24, 2026 at 1:57 PM","May 24, 2026 at 3:24 PM","","Triceps Pushdown",,"",2,"normal",70,10,,,
"Legs","May 23, 2026 at 7:14 PM","May 23, 2026 at 8:25 PM","","Hack Squat (Machine)",,"",0,"normal",90,10,,,
"Legs","May 23, 2026 at 7:14 PM","May 23, 2026 at 8:25 PM","","Hack Squat (Machine)",,"",1,"normal",90,10,,,
"Legs","May 23, 2026 at 7:14 PM","May 23, 2026 at 8:25 PM","","Hack Squat (Machine)",,"",2,"normal",90,10,,,
"Legs","May 23, 2026 at 7:14 PM","May 23, 2026 at 8:25 PM","","Romanian Deadlift (Barbell)",,"",0,"normal",50,8,,,
"Legs","May 23, 2026 at 7:14 PM","May 23, 2026 at 8:25 PM","","Romanian Deadlift (Barbell)",,"",1,"normal",50,8,,,
"Legs","May 23, 2026 at 7:14 PM","May 23, 2026 at 8:25 PM","","Romanian Deadlift (Barbell)",,"",2,"normal",50,8,,,
"Legs","May 23, 2026 at 7:14 PM","May 23, 2026 at 8:25 PM","","Seated Leg Curl (Machine)",,"",0,"normal",100,10,,,
"Legs","May 23, 2026 at 7:14 PM","May 23, 2026 at 8:25 PM","","Seated Leg Curl (Machine)",,"",1,"normal",100,10,,,
"Legs","May 23, 2026 at 7:14 PM","May 23, 2026 at 8:25 PM","","Seated Leg Curl (Machine)",,"",2,"normal",100,10,,,
"Legs","May 23, 2026 at 7:14 PM","May 23, 2026 at 8:25 PM","","Standing Calf Raise (Machine)",,"",0,"normal",90,10,,,
"Legs","May 23, 2026 at 7:14 PM","May 23, 2026 at 8:25 PM","","Standing Calf Raise (Machine)",,"",1,"normal",110,10,,,
"Legs","May 23, 2026 at 7:14 PM","May 23, 2026 at 8:25 PM","","Standing Calf Raise (Machine)",,"",2,"normal",140,10,,,
"Legs","May 23, 2026 at 7:14 PM","May 23, 2026 at 8:25 PM","","Hip Thrust (Barbell)",,"",0,"normal",50,10,,,
"Legs","May 23, 2026 at 7:14 PM","May 23, 2026 at 8:25 PM","","Hip Thrust (Barbell)",,"",1,"normal",50,10,,,
"Legs","May 23, 2026 at 7:14 PM","May 23, 2026 at 8:25 PM","","Hip Thrust (Barbell)",,"",2,"normal",50,10,,,
"Legs","May 23, 2026 at 7:14 PM","May 23, 2026 at 8:25 PM","","Crunch (Machine)",,"",0,"normal",145,16,,,
"Legs","May 23, 2026 at 7:14 PM","May 23, 2026 at 8:25 PM","","Crunch (Machine)",,"",1,"normal",145,16,,,
"Legs","May 23, 2026 at 7:14 PM","May 23, 2026 at 8:25 PM","","Crunch (Machine)",,"",2,"normal",145,16,,,
"Legs","May 23, 2026 at 7:14 PM","May 23, 2026 at 8:25 PM","","Leg Raise Parallel Bars",,"",0,"normal",,10,,,
"Legs","May 23, 2026 at 7:14 PM","May 23, 2026 at 8:25 PM","","Leg Raise Parallel Bars",,"",1,"normal",,10,,,
"Legs","May 23, 2026 at 7:14 PM","May 23, 2026 at 8:25 PM","","Leg Raise Parallel Bars",,"",2,"normal",,10,,,
"Pull","May 20, 2026 at 3:51 PM","May 20, 2026 at 4:35 PM","","Behind the Back Curl (Cable)",,"",0,"normal",27,10,,,
"Pull","May 20, 2026 at 3:51 PM","May 20, 2026 at 4:35 PM","","Behind the Back Curl (Cable)",,"",1,"normal",27,10,,,
"Pull","May 20, 2026 at 3:51 PM","May 20, 2026 at 4:35 PM","","Behind the Back Curl (Cable)",,"",2,"normal",27,10,,,
"Pull","May 20, 2026 at 3:51 PM","May 20, 2026 at 4:35 PM","","Hammer Curl (Dumbbell)",,"",0,"normal",25,8,,,
"Pull","May 20, 2026 at 3:51 PM","May 20, 2026 at 4:35 PM","","Hammer Curl (Dumbbell)",,"",1,"normal",25,8,,,
"Pull","May 20, 2026 at 3:51 PM","May 20, 2026 at 4:35 PM","","Hammer Curl (Dumbbell)",,"",2,"normal",25,8,,,
"Pull","May 20, 2026 at 3:51 PM","May 20, 2026 at 4:35 PM","","Lat Pulldown (Cable)",,"",0,"normal",100,12,,,
"Pull","May 20, 2026 at 3:51 PM","May 20, 2026 at 4:35 PM","","Lat Pulldown (Cable)",,"",1,"normal",100,12,,,
"Pull","May 20, 2026 at 3:51 PM","May 20, 2026 at 4:35 PM","","Lat Pulldown (Cable)",,"",2,"normal",100,12,,,
"Pull","May 20, 2026 at 3:51 PM","May 20, 2026 at 4:35 PM","","Seated Cable Row - Bar Grip",,"",0,"normal",100,10,,,
"Pull","May 20, 2026 at 3:51 PM","May 20, 2026 at 4:35 PM","","Seated Cable Row - Bar Grip",,"",1,"normal",100,10,,,
"Pull","May 20, 2026 at 3:51 PM","May 20, 2026 at 4:35 PM","","Seated Cable Row - Bar Grip",,"",2,"normal",100,10,,,
"Pull","May 20, 2026 at 3:51 PM","May 20, 2026 at 4:35 PM","","Rear Delt Reverse Fly (Cable)",,"",0,"normal",10,10,,,
"Pull","May 20, 2026 at 3:51 PM","May 20, 2026 at 4:35 PM","","Rear Delt Reverse Fly (Cable)",,"",1,"normal",10,10,,,
"Pull","May 20, 2026 at 3:51 PM","May 20, 2026 at 4:35 PM","","Rear Delt Reverse Fly (Cable)",,"",2,"normal",10,10,,,
"Pull","May 20, 2026 at 3:51 PM","May 20, 2026 at 4:35 PM","","Back Extension (Machine)",,"",0,"normal",20,10,,,
"Pull","May 20, 2026 at 3:51 PM","May 20, 2026 at 4:35 PM","","Back Extension (Machine)",,"",1,"normal",20,10,,,
"Pull","May 20, 2026 at 3:51 PM","May 20, 2026 at 4:35 PM","","Back Extension (Machine)",,"",2,"normal",20,10,,,